EmployeeNumber,Age,Attrition,Department,DistanceFromHome,Education,EducationField,EmployeeCount,EnvironmentSatisfaction,Gender,HourlyRate,JobInvolvement,JobLevel,JobRole,JobSatisfaction,MaritalStatus,MonthlyIncome,MonthlyRate,NumCompaniesWorked,Over18,OverTime,PercentSalaryHike,PerformanceRating,RelationshipSatisfaction,StandardHours,StockOptionLevel,TotalWorkingYears,TrainingTimesLastYear,WorkLifeBalance,YearsAtCompany,YearsInCurrentRole,YearsSinceLastPromotion,YearsWithCurrManager
1001,56,No,Sales,14,4,Other,1,2,Male,46,3,3,Manufacturing Director,2,Married,6785,15110,4,Y,Yes,17,4,2,8,0,33,4,2,10,15,14,13
1002,46,No,Research & Development,11,2,Other,1,2,Female,93,1,4,Sales Representative,3,Married,11593,19573,4,Y,No,11,3,2,8,3,34,2,4,21,4,10,16
1003,32,No,Human Resources,11,4,Technical Degree,1,2,Male,42,3,4,Research Scientist,2,Single,17128,20114,6,Y,No,14,4,1,8,1,4,6,1,24,6,0,12
1004,60,No,Human Resources,29,2,Other,1,3,Female,85,3,2,Sales Representative,3,Single,6837,17676,0,Y,Yes,16,4,3,8,3,38,3,4,20,8,10,12
1005,25,No,Sales,18,2,Human Resources,1,1,Male,34,1,3,Sales Executive,4,Married,1304,11942,1,Y,No,21,4,3,8,1,10,6,1,35,3,11,8
1006,38,No,Sales,27,4,Other,1,3,Male,41,1,1,Sales Executive,1,Single,1422,10547,5,Y,No,22,4,2,8,1,11,0,2,19,18,14,5
1007,56,No,Sales,23,3,Human Resources,1,3,Female,70,1,3,Manufacturing Director,4,Married,11196,13276,1,Y,No,19,4,3,8,0,18,2,2,15,14,10,5
1008,36,Yes,Research & Development,22,1,Other,1,3,Female,32,1,2,Reseach Director,1,Single,15325,15299,3,Y,No,21,3,1,8,2,12,5,2,27,6,13,4
1009,40,No,Research & Development,18,2,Human Resources,1,4,Male,62,1,1,Human Resources,3,Divorced,7677,2252,5,Y,No,18,4,2,8,0,3,6,2,28,17,2,13
1010,28,No,Research & Development,24,3,Other,1,4,Male,79,2,2,Healthcare Representative,2,Single,16353,24382,6,Y,Yes,12,3,3,8,3,13,2,1,25,4,10,13
1011,28,No,Sales,23,2,Other,1,3,Male,85,1,3,Research Scientist,2,Single,9204,26978,4,Y,No,21,4,3,8,1,1,4,3,39,12,6,3
1012,41,No,Human Resources,11,1,Medical,1,1,Female,38,2,1,Reseach Director,2,Divorced,17570,10510,7,Y,Yes,13,4,1,8,3,7,5,1,1,2,7,1
1013,53,No,Human Resources,21,2,Human Resources,1,3,Female,79,3,2,Research Scientist,2,Married,5363,26940,5,Y,Yes,20,3,3,8,1,21,1,2,9,5,4,1
1014,57,Yes,Research & Development,12,1,Human Resources,1,2,Male,58,1,4,Human Resources,2,Single,6491,9173,4,Y,No,23,4,2,8,3,12,1,2,12,11,13,16
1015,41,No,Research & Development,5,1,Human Resources,1,4,Female,68,1,1,Human Resources,3,Single,17085,6504,3,Y,No,15,4,2,8,1,20,6,4,14,17,1,9
1016,20,No,Human Resources,23,2,Life Sciences,1,4,Male,74,1,1,Laboratory Technician,2,Divorced,16385,12206,5,Y,No,21,3,3,8,0,20,0,1,8,17,14,13
1017,39,No,Human Resources,9,2,Other,1,3,Female,46,3,2,Sales Representative,3,Divorced,4280,21633,5,Y,No,17,4,3,8,1,27,2,4,26,3,2,16
1018,19,No,Research & Development,27,1,Human Resources,1,3,Female,85,2,4,Manufacturing Director,1,Divorced,11683,20814,5,Y,No,13,4,3,8,2,32,3,2,7,13,8,10
1019,41,No,Research & Development,25,3,Life Sciences,1,1,Female,75,2,1,Laboratory Technician,3,Divorced,6401,24064,0,Y,No,22,3,3,8,0,28,0,4,5,13,14,6
1020,61,No,Human Resources,9,4,Medical,1,1,Female,96,1,2,Sales Executive,3,Married,17682,20077,5,Y,No,17,3,2,8,2,36,5,3,35,0,15,8
1021,47,No,Sales,22,1,Human Resources,1,2,Female,98,1,1,Healthcare Representative,1,Single,15318,7980,0,Y,No,15,4,1,8,3,21,6,3,23,10,12,13
1022,55,No,Research & Development,10,2,Human Resources,1,3,Male,43,1,1,Manufacturing Director,2,Single,17800,5810,4,Y,No,20,4,2,8,3,25,0,3,2,8,10,3
1023,19,No,Human Resources,22,2,Life Sciences,1,3,Male,96,1,1,Sales Executive,3,Single,1702,24022,6,Y,No,16,4,3,8,1,10,6,1,25,17,12,13
1024,38,No,Human Resources,19,3,Other,1,3,Female,52,3,4,Sales Representative,4,Single,2178,12706,0,Y,No,16,3,3,8,1,10,4,4,35,4,9,16
1025,50,Yes,Human Resources,24,4,Medical,1,4,Male,90,1,3,Sales Representative,2,Married,9632,20401,0,Y,No,21,3,2,8,3,33,5,1,20,9,6,16
1026,29,No,Human Resources,7,1,Human Resources,1,2,Male,52,3,3,Sales Representative,2,Single,8791,21391,5,Y,Yes,21,4,2,8,0,18,3,4,12,14,12,13
1027,39,No,Sales,4,1,Other,1,1,Female,56,1,4,Laboratory Technician,4,Married,14865,25374,6,Y,No,24,4,3,8,2,36,2,2,10,9,0,12
1028,61,Yes,Human Resources,29,4,Medical,1,4,Male,83,2,4,Manager,2,Married,10183,10535,5,Y,Yes,22,4,2,8,3,13,5,2,7,15,2,13
1029,42,Yes,Research & Development,17,1,Technical Degree,1,4,Female,39,2,2,Reseach Director,1,Divorced,12361,24128,4,Y,Yes,14,3,3,8,0,28,2,1,13,3,8,15
1030,44,No,Sales,8,4,Technical Degree,1,4,Male,45,1,1,Human Resources,1,Divorced,6539,21977,5,Y,No,22,3,2,8,2,18,2,4,32,3,6,14
1031,59,No,Human Resources,12,2,Medical,1,4,Male,70,1,4,Healthcare Representative,2,Single,6001,17295,2,Y,Yes,18,3,3,8,1,36,0,1,1,7,14,10
1032,45,No,Sales,22,4,Life Sciences,1,2,Male,84,3,2,Human Resources,2,Married,4321,18461,8,Y,No,19,4,2,8,0,20,4,4,0,5,15,11
1033,33,Yes,Research & Development,22,1,Medical,1,3,Male,90,1,3,Manager,1,Divorced,14074,9366,4,Y,No,12,4,3,8,0,23,0,4,10,10,11,10
1034,32,No,Human Resources,18,4,Medical,1,1,Male,78,1,3,Manufacturing Director,3,Married,5327,17851,1,Y,Yes,19,4,1,8,3,25,1,4,5,12,12,4
1035,64,No,Research & Development,15,3,Life Sciences,1,1,Male,81,1,3,Sales Executive,2,Divorced,15068,20078,6,Y,No,21,3,1,8,2,40,1,3,31,18,12,7
1036,61,No,Human Resources,17,2,Life Sciences,1,4,Male,31,2,3,Sales Executive,3,Married,2697,25835,2,Y,Yes,22,4,2,8,3,11,2,2,14,10,12,5
1037,20,No,Human Resources,29,2,Other,1,4,Female,79,3,2,Healthcare Representative,3,Single,1476,18989,0,Y,Yes,14,3,1,8,1,18,4,1,11,1,13,15
1038,54,No,Human Resources,14,4,Other,1,2,Female,72,2,1,Laboratory Technician,3,Single,10546,17196,2,Y,No,16,4,3,8,1,29,5,2,36,2,14,11
1039,24,No,Human Resources,14,1,Life Sciences,1,4,Female,37,3,2,Healthcare Representative,1,Married,3431,10725,8,Y,Yes,24,3,2,8,2,14,2,3,28,14,14,5
1040,38,No,Human Resources,18,3,Technical Degree,1,1,Female,88,2,1,Healthcare Representative,3,Divorced,15613,10284,4,Y,Yes,17,4,2,8,2,2,5,1,21,12,1,12
1041,26,No,Sales,20,2,Technical Degree,1,1,Male,94,1,3,Sales Executive,3,Divorced,5730,8593,6,Y,No,14,4,3,8,2,12,2,4,13,9,5,6
1042,56,Yes,Human Resources,18,2,Medical,1,3,Male,41,2,4,Sales Representative,4,Single,10212,19378,2,Y,Yes,18,3,3,8,3,8,0,2,18,4,8,7
1043,35,No,Human Resources,16,1,Human Resources,1,3,Male,33,2,4,Healthcare Representative,4,Single,8550,7811,3,Y,No,23,4,3,8,2,12,2,3,4,10,14,11
1044,21,Yes,Sales,1,1,Medical,1,1,Female,70,3,4,Healthcare Representative,4,Single,10878,11504,0,Y,No,24,3,2,8,2,15,2,1,34,13,3,1
1045,42,No,Sales,23,3,Medical,1,1,Female,36,3,1,Human Resources,2,Divorced,15794,26624,2,Y,No,20,4,3,8,3,13,4,1,24,14,15,8
1046,31,No,Sales,27,4,Human Resources,1,2,Female,98,2,3,Sales Representative,2,Divorced,14688,18055,6,Y,No,18,4,1,8,1,7,4,2,37,12,9,12
1047,26,No,Sales,11,1,Life Sciences,1,2,Male,98,3,2,Sales Executive,4,Single,13551,20797,3,Y,Yes,11,4,2,8,1,18,6,2,8,2,1,16
1048,43,No,Sales,15,4,Technical Degree,1,1,Female,59,3,4,Laboratory Technician,1,Married,18879,2947,1,Y,No,18,3,3,8,0,31,5,1,6,8,2,12
1049,19,No,Sales,12,3,Medical,1,4,Male,35,3,1,Reseach Director,1,Divorced,15470,3109,4,Y,Yes,20,4,2,8,1,34,4,1,17,7,6,15
1050,37,No,Human Resources,8,4,Human Resources,1,3,Female,48,3,4,Sales Executive,4,Single,12047,7371,4,Y,Yes,24,3,1,8,2,22,2,3,1,14,3,0
1051,45,No,Human Resources,22,2,Other,1,1,Male,95,3,2,Sales Executive,2,Married,13261,12504,1,Y,No,22,4,1,8,1,20,4,4,9,0,6,6
1052,64,No,Research & Development,20,4,Medical,1,4,Female,39,2,3,Healthcare Representative,2,Divorced,10779,9804,5,Y,No,13,4,3,8,3,17,4,4,1,1,4,12
1053,24,No,Human Resources,6,3,Technical Degree,1,1,Male,45,3,2,Human Resources,1,Married,4758,17909,3,Y,No,15,3,2,8,1,13,3,3,7,8,13,13
1054,61,No,Human Resources,3,3,Life Sciences,1,3,Female,66,1,3,Manager,3,Married,12826,23156,0,Y,Yes,24,4,3,8,1,15,3,1,6,16,7,16
1055,25,No,Sales,28,3,Medical,1,3,Female,61,2,3,Research Scientist,1,Divorced,3512,25548,2,Y,No,20,4,2,8,0,23,1,2,34,8,7,15
1056,64,No,Sales,24,4,Medical,1,2,Male,76,2,3,Human Resources,3,Single,8864,8716,8,Y,Yes,18,3,3,8,0,31,0,2,22,0,4,14
1057,52,No,Human Resources,26,2,Human Resources,1,2,Male,72,2,4,Manager,2,Married,14387,18671,6,Y,No,21,3,3,8,2,10,6,1,7,7,6,16
1058,31,No,Research & Development,13,1,Other,1,2,Female,65,3,2,Healthcare Representative,2,Single,12338,17223,5,Y,No,16,4,2,8,3,10,6,3,20,4,10,1
1059,34,No,Sales,13,2,Other,1,2,Male,55,1,4,Healthcare Representative,4,Divorced,12110,6786,0,Y,Yes,14,3,2,8,2,3,0,1,32,10,5,11
1060,53,No,Human Resources,2,4,Life Sciences,1,3,Female,39,3,2,Laboratory Technician,2,Married,17792,16139,8,Y,Yes,25,3,1,8,3,25,4,2,0,5,12,2
1061,57,No,Human Resources,5,4,Technical Degree,1,4,Male,60,2,1,Manager,3,Married,13158,6743,8,Y,No,14,4,1,8,3,4,1,1,11,16,7,8
1062,21,Yes,Research & Development,17,1,Life Sciences,1,4,Female,58,2,1,Manufacturing Director,1,Married,15628,25467,0,Y,No,22,3,2,8,0,35,1,1,10,17,8,5
1063,19,No,Research & Development,6,4,Medical,1,4,Male,34,2,2,Research Scientist,4,Married,18932,14818,5,Y,No,14,3,1,8,1,32,5,3,29,17,15,5
1064,23,No,Sales,2,3,Medical,1,1,Female,30,2,2,Laboratory Technician,3,Married,15994,21173,6,Y,Yes,16,4,1,8,1,13,6,4,3,4,4,6
1065,59,No,Research & Development,4,3,Other,1,2,Female,32,3,2,Human Resources,1,Divorced,16035,13391,1,Y,No,17,3,2,8,0,31,3,2,33,4,6,7
1066,21,No,Human Resources,22,3,Technical Degree,1,2,Female,96,1,2,Human Resources,1,Married,9437,19533,7,Y,No,23,3,2,8,2,6,1,2,22,18,15,2
1067,46,Yes,Human Resources,15,3,Human Resources,1,3,Male,64,1,3,Manager,1,Divorced,10128,7299,7,Y,Yes,15,4,2,8,1,9,2,1,31,12,13,14
1068,35,Yes,Research & Development,11,3,Technical Degree,1,3,Female,44,2,4,Human Resources,2,Single,5133,12989,5,Y,No,20,4,3,8,2,1,5,2,2,6,0,5
1069,43,No,Research & Development,8,4,Medical,1,1,Male,96,1,3,Manufacturing Director,1,Divorced,19788,4884,8,Y,Yes,24,3,2,8,1,9,6,2,27,13,10,10
1070,61,No,Research & Development,12,1,Human Resources,1,1,Male,59,2,4,Healthcare Representative,2,Married,17384,2512,2,Y,Yes,18,4,2,8,2,34,4,4,3,7,7,2
1071,51,No,Research & Development,8,1,Technical Degree,1,4,Male,72,2,4,Manager,1,Single,1458,21290,1,Y,No,17,3,2,8,3,20,2,2,11,2,2,15
1072,27,No,Sales,11,3,Technical Degree,1,3,Female,89,1,4,Human Resources,1,Divorced,17772,4932,1,Y,No,18,3,1,8,3,39,0,2,23,3,0,5
1073,53,No,Research & Development,22,4,Human Resources,1,2,Male,69,2,3,Healthcare Representative,2,Divorced,16043,15529,5,Y,Yes,25,3,2,8,1,7,6,3,32,9,5,10
1074,31,No,Sales,20,2,Medical,1,4,Male,94,1,2,Sales Representative,2,Divorced,10451,19507,6,Y,Yes,14,3,1,8,2,17,3,3,2,3,13,7
1075,48,No,Human Resources,8,2,Technical Degree,1,2,Male,58,2,3,Sales Executive,3,Married,13652,9731,5,Y,No,18,4,3,8,2,8,2,3,3,17,12,9
1076,65,Yes,Research & Development,23,4,Human Resources,1,4,Female,48,1,3,Healthcare Representative,2,Married,3310,19967,2,Y,Yes,23,4,2,8,3,40,4,3,29,11,7,9
1077,32,No,Sales,8,3,Medical,1,2,Male,32,2,4,Sales Executive,2,Divorced,8719,7067,4,Y,Yes,16,3,2,8,2,29,2,3,5,14,10,2
1078,25,No,Research & Development,26,1,Human Resources,1,1,Male,65,1,1,Manager,3,Divorced,6801,23423,7,Y,No,13,4,1,8,0,3,2,4,29,12,2,13
1079,31,No,Human Resources,17,4,Human Resources,1,4,Male,72,2,1,Reseach Director,3,Single,10668,18985,5,Y,Yes,23,3,3,8,2,34,1,2,7,11,15,8
1080,40,No,Human Resources,20,2,Technical Degree,1,2,Male,44,2,3,Healthcare Representative,2,Married,8225,20335,1,Y,Yes,18,3,2,8,3,13,3,1,17,7,0,12
1081,57,No,Human Resources,20,2,Medical,1,2,Female,70,2,4,Sales Executive,1,Married,12721,17627,6,Y,Yes,23,4,3,8,0,13,0,4,15,8,2,8
1082,38,No,Research & Development,23,2,Technical Degree,1,3,Female,65,1,3,Manager,3,Single,5914,7153,7,Y,Yes,17,4,3,8,0,36,4,1,5,8,14,11
1083,33,No,Research & Development,16,3,Life Sciences,1,4,Male,62,3,3,Healthcare Representative,1,Divorced,16775,3950,3,Y,Yes,20,3,2,8,2,19,5,3,23,16,4,13
1084,62,No,Sales,14,2,Life Sciences,1,2,Male,34,2,2,Manager,1,Divorced,7008,15770,0,Y,Yes,15,4,3,8,3,28,5,2,27,0,10,4
1085,35,No,Human Resources,11,4,Medical,1,3,Male,43,2,4,Reseach Director,3,Single,17992,24083,1,Y,No,21,3,3,8,3,22,4,3,31,5,15,5
1086,64,No,Research & Development,7,4,Human Resources,1,2,Male,97,1,1,Reseach Director,2,Divorced,8297,4157,3,Y,No,14,4,2,8,3,20,0,4,24,6,7,12
1087,41,No,Human Resources,16,2,Technical Degree,1,4,Female,76,2,1,Research Scientist,1,Divorced,12275,16483,6,Y,No,11,4,1,8,0,30,4,1,27,8,8,12
1088,43,No,Human Resources,13,4,Technical Degree,1,1,Female,83,2,1,Laboratory Technician,4,Single,16595,21442,1,Y,No,20,3,2,8,3,31,1,2,20,9,12,5
1089,42,No,Sales,27,2,Medical,1,4,Female,33,2,3,Manager,2,Single,2576,15438,5,Y,Yes,13,4,3,8,0,40,5,4,7,3,11,13
1090,62,No,Sales,15,2,Medical,1,4,Female,38,2,4,Laboratory Technician,3,Single,16119,17329,1,Y,No,12,4,2,8,0,6,6,4,35,15,8,10
1091,58,No,Sales,24,1,Life Sciences,1,2,Male,82,3,2,Research Scientist,4,Divorced,17091,8865,6,Y,Yes,18,3,1,8,1,12,5,2,8,11,15,12
1092,46,No,Sales,16,3,Other,1,2,Male,89,3,1,Manufacturing Director,1,Single,2103,26368,1,Y,No,24,3,3,8,2,22,6,2,39,8,3,11
1093,32,No,Human Resources,27,3,Medical,1,4,Female,75,2,4,Healthcare Representative,2,Divorced,12144,11880,2,Y,Yes,18,3,3,8,3,7,2,4,20,2,7,15
1094,62,No,Sales,21,1,Other,1,3,Female,83,2,1,Human Resources,4,Married,14517,16186,8,Y,No,22,3,1,8,0,11,1,1,0,8,10,5
1095,18,Yes,Sales,24,1,Medical,1,3,Male,66,2,2,Laboratory Technician,2,Married,13354,6534,3,Y,Yes,15,3,1,8,2,35,5,1,3,16,4,8
1096,42,No,Sales,24,3,Human Resources,1,3,Male,52,3,4,Laboratory Technician,1,Single,10693,11339,4,Y,No,24,3,3,8,0,15,1,4,9,13,2,16
1097,24,No,Sales,9,2,Human Resources,1,2,Male,56,3,3,Manager,2,Divorced,7200,15287,8,Y,No,15,4,1,8,2,25,1,4,25,4,4,15
1098,26,No,Human Resources,3,2,Life Sciences,1,2,Male,99,1,3,Healthcare Representative,4,Divorced,18851,11307,6,Y,No,25,3,2,8,0,28,0,3,39,0,1,11
1099,41,No,Sales,19,3,Life Sciences,1,4,Male,95,1,1,Manager,2,Divorced,9055,5296,7,Y,No,21,3,1,8,3,28,5,3,2,0,10,17
1100,18,No,Human Resources,20,2,Other,1,1,Female,90,2,1,Reseach Director,3,Single,5943,19051,2,Y,No,14,3,2,8,1,5,6,1,8,2,10,8
1101,61,No,Research & Development,5,1,Medical,1,2,Female,80,2,4,Laboratory Technician,3,Divorced,15047,18674,3,Y,Yes,11,4,3,8,1,36,3,3,31,8,10,2
1102,25,No,Human Resources,10,2,Technical Degree,1,4,Male,79,3,2,Healthcare Representative,4,Divorced,2363,25899,6,Y,No,11,3,3,8,1,32,6,1,2,5,5,9
1103,41,No,Human Resources,17,2,Life Sciences,1,4,Male,48,2,1,Sales Representative,2,Divorced,7482,3457,3,Y,Yes,23,3,3,8,0,30,0,2,3,8,0,10
1104,28,Yes,Sales,15,4,Technical Degree,1,1,Female,30,2,4,Manufacturing Director,1,Married,13803,26310,1,Y,No,16,4,3,8,2,40,0,2,5,3,5,1
1105,34,No,Research & Development,23,4,Technical Degree,1,3,Male,69,3,2,Research Scientist,2,Divorced,3972,20474,5,Y,No,25,4,3,8,3,17,1,1,8,18,12,7
1106,25,No,Research & Development,25,4,Medical,1,4,Female,61,3,1,Manufacturing Director,1,Married,15512,23826,8,Y,No,14,3,1,8,3,37,3,1,25,4,4,10
1107,52,No,Research & Development,8,2,Other,1,4,Female,51,3,1,Research Scientist,3,Divorced,4051,24920,1,Y,Yes,14,4,1,8,0,30,0,4,1,4,12,17
1108,52,No,Research & Development,15,3,Medical,1,4,Female,95,3,4,Laboratory Technician,1,Divorced,7982,19492,0,Y,No,13,4,3,8,1,15,3,1,1,13,8,6
1109,50,No,Human Resources,21,1,Life Sciences,1,3,Female,69,1,1,Manufacturing Director,2,Divorced,8148,22094,7,Y,No,24,3,1,8,0,39,5,3,20,9,12,13
1110,22,No,Research & Development,14,2,Technical Degree,1,3,Male,67,3,3,Manufacturing Director,1,Married,12235,2117,0,Y,Yes,19,3,1,8,2,36,1,4,21,15,13,6
1111,59,Yes,Human Resources,20,3,Medical,1,1,Male,77,3,2,Human Resources,2,Divorced,7939,5816,0,Y,Yes,13,3,3,8,1,13,0,4,2,5,6,0
1112,56,No,Human Resources,28,2,Medical,1,2,Female,84,2,2,Manager,4,Single,15771,5550,2,Y,Yes,18,4,1,8,0,38,3,3,34,13,5,11
1113,58,No,Human Resources,7,1,Medical,1,3,Male,84,2,3,Human Resources,2,Divorced,19125,25069,4,Y,Yes,12,3,3,8,2,3,4,2,37,17,14,0
1114,45,Yes,Research & Development,19,2,Life Sciences,1,2,Male,80,2,4,Manufacturing Director,3,Married,6349,12651,8,Y,No,14,4,3,8,1,29,6,2,32,8,10,2
1115,24,No,Sales,23,1,Other,1,2,Male,89,1,3,Human Resources,4,Married,6120,25756,1,Y,Yes,11,3,3,8,3,32,0,3,14,6,11,1
1116,26,No,Sales,12,2,Medical,1,3,Male,37,3,3,Human Resources,3,Single,4090,26545,0,Y,Yes,21,4,3,8,2,35,0,4,10,17,6,2
1117,25,No,Research & Development,17,1,Life Sciences,1,4,Female,97,3,2,Manager,2,Single,8811,6838,0,Y,No,15,3,1,8,3,29,0,3,9,9,9,3
1118,29,No,Sales,17,2,Technical Degree,1,1,Male,38,1,4,Healthcare Representative,3,Single,10471,26065,7,Y,Yes,12,4,1,8,2,13,3,2,35,1,15,13
1119,51,No,Sales,10,1,Human Resources,1,2,Female,31,3,1,Laboratory Technician,2,Married,16589,15309,1,Y,Yes,21,3,2,8,1,22,2,2,13,12,4,17
1120,50,No,Human Resources,29,4,Life Sciences,1,4,Female,99,2,3,Healthcare Representative,1,Divorced,18922,25454,8,Y,Yes,23,3,2,8,0,27,5,2,1,5,0,4
1121,65,Yes,Human Resources,19,2,Human Resources,1,3,Male,88,1,3,Laboratory Technician,2,Divorced,18474,11159,8,Y,No,11,3,3,8,0,6,6,1,36,8,14,14
1122,40,No,Research & Development,14,2,Medical,1,2,Female,48,3,4,Healthcare Representative,1,Single,9003,11225,1,Y,Yes,11,4,2,8,0,9,0,3,28,7,8,15
1123,41,No,Research & Development,11,3,Medical,1,2,Male,57,1,3,Healthcare Representative,2,Single,4540,5133,2,Y,Yes,12,4,1,8,0,3,4,1,34,9,4,7
1124,54,No,Sales,2,3,Life Sciences,1,2,Male,43,1,4,Research Scientist,4,Divorced,10352,9857,1,Y,Yes,15,3,1,8,2,37,4,3,19,15,3,7
1125,52,No,Human Resources,18,1,Human Resources,1,4,Female,53,3,1,Human Resources,4,Single,1725,7496,5,Y,No,22,4,2,8,0,12,1,2,20,14,5,6
1126,61,No,Research & Development,7,2,Medical,1,4,Male,73,2,4,Reseach Director,3,Divorced,7238,2663,6,Y,No,25,3,2,8,0,20,2,3,33,12,4,5
1127,57,Yes,Research & Development,12,1,Technical Degree,1,4,Female,85,3,1,Manager,2,Divorced,17597,10888,5,Y,Yes,25,4,1,8,2,32,2,4,32,17,0,6
1128,39,No,Research & Development,26,4,Other,1,2,Female,80,3,4,Healthcare Representative,2,Divorced,13030,14704,2,Y,No,19,3,2,8,2,39,3,3,18,5,1,0
1129,44,No,Research & Development,2,3,Other,1,2,Male,61,2,3,Manufacturing Director,2,Divorced,12310,17397,2,Y,Yes,16,4,1,8,1,27,1,4,7,8,3,12
1130,52,Yes,Research & Development,27,1,Medical,1,1,Male,79,3,1,Sales Representative,2,Married,5103,23456,1,Y,No,22,4,1,8,2,22,6,1,30,17,7,6
1131,18,No,Research & Development,20,1,Human Resources,1,1,Male,70,3,3,Research Scientist,4,Divorced,10533,10665,1,Y,No,14,4,2,8,3,31,3,1,10,6,4,0
1132,52,No,Sales,18,3,Medical,1,4,Female,95,3,1,Sales Representative,2,Single,11050,3328,4,Y,Yes,25,4,2,8,1,4,1,4,7,4,6,9
1133,54,No,Human Resources,6,2,Human Resources,1,4,Male,54,1,4,Sales Executive,3,Single,9112,4472,7,Y,Yes,13,4,3,8,1,25,5,3,24,10,1,12
1134,64,No,Human Resources,24,1,Technical Degree,1,3,Female,90,1,4,Sales Executive,2,Single,19411,9269,5,Y,Yes,18,3,3,8,0,38,2,2,19,12,7,3
1135,31,No,Research & Development,10,3,Human Resources,1,4,Female,95,1,4,Laboratory Technician,1,Single,16099,16630,8,Y,No,13,4,3,8,0,25,6,4,37,2,4,6
1136,20,No,Human Resources,20,2,Medical,1,1,Male,71,3,2,Healthcare Representative,2,Married,16924,14063,4,Y,Yes,11,4,3,8,3,2,5,3,6,0,3,5
1137,18,No,Human Resources,15,4,Technical Degree,1,1,Male,94,2,2,Manager,1,Divorced,9718,12389,3,Y,No,14,4,3,8,0,23,6,3,12,3,8,5
1138,22,No,Human Resources,5,3,Life Sciences,1,1,Male,65,1,1,Manufacturing Director,3,Divorced,2447,3609,8,Y,No,21,4,1,8,2,33,3,3,38,18,5,10
1139,43,No,Research & Development,20,1,Other,1,2,Female,38,2,2,Reseach Director,3,Single,19445,20009,4,Y,Yes,23,3,2,8,2,33,1,2,9,17,14,8
1140,31,No,Research & Development,3,4,Medical,1,2,Male,65,3,4,Reseach Director,4,Single,16038,7979,0,Y,No,15,4,1,8,0,19,2,2,7,5,13,6
1141,56,No,Human Resources,5,2,Medical,1,4,Female,67,1,2,Research Scientist,2,Single,5526,13578,4,Y,No,15,4,3,8,0,29,2,2,19,9,3,8
1142,44,No,Human Resources,25,2,Medical,1,3,Male,62,3,2,Research Scientist,3,Divorced,19705,26335,4,Y,Yes,15,3,3,8,2,19,6,4,16,6,7,5
1143,26,No,Research & Development,8,3,Technical Degree,1,3,Male,71,2,3,Research Scientist,4,Married,11914,21965,4,Y,No,18,3,2,8,1,40,6,4,10,11,15,13
1144,32,No,Sales,8,3,Life Sciences,1,3,Female,90,1,1,Research Scientist,2,Married,2253,6734,1,Y,No,18,4,1,8,3,17,6,2,15,7,2,0
1145,32,No,Human Resources,8,3,Human Resources,1,2,Female,75,1,1,Human Resources,3,Married,3425,20626,5,Y,Yes,22,3,3,8,3,37,0,4,36,12,13,15
1146,43,No,Sales,12,2,Life Sciences,1,1,Male,90,1,1,Healthcare Representative,1,Married,16302,23795,4,Y,Yes,23,4,3,8,1,19,3,2,31,17,12,8
1147,59,No,Human Resources,24,4,Technical Degree,1,1,Male,47,1,2,Sales Representative,3,Single,7499,13515,1,Y,Yes,14,4,3,8,3,5,0,4,25,13,9,14
1148,30,No,Sales,23,2,Medical,1,2,Male,99,2,4,Healthcare Representative,1,Divorced,12692,22242,7,Y,No,25,3,3,8,0,24,6,3,36,10,1,9
1149,49,No,Sales,8,1,Other,1,3,Male,44,1,3,Healthcare Representative,4,Single,6848,23436,5,Y,No,19,4,1,8,0,40,6,2,8,9,6,15
1150,56,No,Sales,11,2,Medical,1,3,Male,77,3,1,Sales Executive,4,Married,15859,13491,2,Y,No,11,3,1,8,0,40,2,4,34,5,13,2
1151,49,Yes,Research & Development,21,1,Human Resources,1,4,Female,42,1,2,Manager,2,Single,13179,8153,8,Y,Yes,15,3,3,8,3,2,3,2,2,12,11,12
1152,21,No,Sales,8,4,Other,1,4,Female,72,2,4,Manufacturing Director,2,Married,12976,14777,3,Y,No,15,4,1,8,1,18,3,3,30,9,14,13
1153,47,No,Sales,29,3,Medical,1,3,Female,89,1,3,Laboratory Technician,2,Divorced,6018,24333,2,Y,No,15,4,3,8,0,9,5,4,6,11,3,6
1154,54,Yes,Sales,24,3,Other,1,2,Female,86,2,3,Manager,4,Married,18975,6579,6,Y,No,18,3,2,8,1,4,4,3,1,0,3,1
1155,40,No,Human Resources,28,2,Life Sciences,1,3,Male,46,2,1,Research Scientist,1,Single,15321,14110,7,Y,Yes,19,4,2,8,2,21,1,1,24,17,9,13
1156,56,Yes,Sales,10,3,Technical Degree,1,4,Female,79,3,1,Sales Representative,2,Divorced,9933,9842,6,Y,Yes,13,3,2,8,2,8,4,2,39,12,8,16
1157,62,No,Human Resources,7,4,Medical,1,3,Female,61,1,4,Sales Executive,2,Married,16930,19553,0,Y,Yes,19,3,1,8,2,32,4,2,11,3,1,12
1158,32,No,Sales,28,3,Human Resources,1,2,Female,51,1,2,Human Resources,4,Married,19820,19776,0,Y,No,23,3,3,8,3,14,6,3,29,5,0,1
1159,60,No,Sales,17,2,Life Sciences,1,1,Male,84,1,4,Sales Representative,1,Divorced,6730,12442,4,Y,No,21,3,2,8,3,23,2,4,29,17,14,4
1160,46,No,Research & Development,4,4,Medical,1,2,Female,86,3,1,Sales Executive,3,Single,9432,16502,7,Y,Yes,18,4,2,8,0,29,5,1,28,4,6,3
1161,53,No,Human Resources,29,1,Life Sciences,1,2,Male,42,3,4,Human Resources,2,Divorced,5939,25125,2,Y,Yes,13,4,1,8,2,35,1,4,40,17,14,2
1162,30,No,Sales,13,2,Human Resources,1,4,Female,76,2,2,Research Scientist,3,Single,5362,25657,7,Y,No,12,4,1,8,1,38,6,2,10,4,11,13
1163,49,Yes,Human Resources,17,1,Medical,1,2,Male,91,2,3,Laboratory Technician,2,Married,8841,26614,2,Y,Yes,25,4,2,8,3,5,6,2,22,6,7,10
1164,24,No,Human Resources,5,4,Human Resources,1,2,Female,83,2,3,Research Scientist,2,Married,17795,17197,3,Y,No,14,4,3,8,1,14,4,1,16,8,2,7
1165,39,No,Research & Development,26,2,Other,1,4,Male,58,3,3,Sales Representative,4,Divorced,17457,21005,6,Y,Yes,25,4,3,8,1,37,4,3,12,2,1,8
1166,45,No,Research & Development,22,2,Human Resources,1,4,Female,51,3,3,Research Scientist,2,Married,19630,5352,2,Y,Yes,23,3,3,8,0,38,3,1,32,11,15,15
1167,19,No,Research & Development,4,4,Other,1,1,Male,94,3,1,Research Scientist,1,Divorced,8779,18839,3,Y,Yes,22,4,2,8,0,21,2,3,0,13,3,2
1168,59,No,Research & Development,18,3,Medical,1,3,Male,58,2,1,Sales Executive,1,Married,17565,16666,7,Y,No,12,3,1,8,1,2,4,4,39,7,1,9
1169,62,No,Research & Development,6,2,Other,1,2,Female,77,3,2,Reseach Director,2,Married,16103,15804,3,Y,Yes,14,3,3,8,1,28,1,2,12,11,11,0
1170,23,No,Research & Development,24,2,Medical,1,4,Male,34,2,2,Research Scientist,3,Single,8944,19321,8,Y,No,15,3,2,8,1,28,0,3,37,6,1,8
1171,45,No,Research & Development,24,1,Medical,1,1,Male,64,2,2,Healthcare Representative,1,Divorced,3684,21508,3,Y,Yes,12,4,2,8,1,30,6,3,2,8,4,15
1172,45,Yes,Research & Development,28,3,Technical Degree,1,3,Female,75,1,2,Healthcare Representative,1,Divorced,12249,19803,3,Y,Yes,22,3,1,8,2,1,0,1,15,11,9,8
1173,61,No,Sales,22,1,Medical,1,4,Female,64,1,4,Laboratory Technician,2,Married,5014,5347,4,Y,No,18,4,3,8,1,34,2,4,6,3,4,11
1174,61,No,Human Resources,2,1,Other,1,3,Male,74,1,2,Laboratory Technician,2,Single,7553,23612,0,Y,No,11,3,2,8,3,8,0,4,2,4,7,0
1175,37,No,Research & Development,23,3,Technical Degree,1,3,Female,42,2,3,Laboratory Technician,4,Single,18341,25584,6,Y,Yes,13,4,3,8,0,21,3,1,13,8,8,15
1176,47,No,Research & Development,11,3,Technical Degree,1,2,Female,39,1,3,Manager,2,Divorced,15397,5329,8,Y,No,17,4,3,8,3,18,3,4,15,6,1,7
1177,28,No,Human Resources,28,4,Medical,1,2,Female,95,1,3,Manufacturing Director,2,Divorced,15968,14525,8,Y,Yes,20,4,3,8,0,36,1,2,3,13,0,13
1178,45,No,Sales,14,3,Human Resources,1,4,Male,99,1,4,Laboratory Technician,1,Married,2703,11589,0,Y,No,11,4,2,8,0,9,5,3,30,16,2,13
1179,42,Yes,Human Resources,21,2,Human Resources,1,3,Male,54,3,2,Research Scientist,1,Divorced,15762,18442,5,Y,No,23,4,3,8,0,20,2,1,12,0,5,9
1180,56,No,Human Resources,6,3,Technical Degree,1,4,Male,73,2,3,Laboratory Technician,1,Married,17535,24144,2,Y,Yes,21,3,1,8,3,16,2,4,26,14,13,0
1181,50,No,Research & Development,10,4,Medical,1,4,Male,89,1,3,Manufacturing Director,3,Single,7010,18033,3,Y,Yes,25,4,2,8,0,2,6,2,0,14,4,5
1182,18,Yes,Human Resources,26,4,Human Resources,1,3,Male,76,3,3,Manager,1,Divorced,7661,24788,7,Y,No,12,4,2,8,1,6,0,2,24,0,7,8
1183,44,No,Human Resources,14,4,Medical,1,4,Male,69,3,3,Manufacturing Director,1,Single,15994,12316,3,Y,No,13,3,3,8,1,40,4,4,36,14,7,15
1184,30,No,Research & Development,24,3,Medical,1,3,Male,36,3,1,Sales Representative,2,Single,5590,11048,7,Y,Yes,24,4,3,8,2,36,4,4,10,1,1,10
1185,58,Yes,Research & Development,3,3,Technical Degree,1,3,Female,75,1,2,Laboratory Technician,4,Married,6096,7557,3,Y,No,24,4,3,8,2,35,5,1,8,3,13,10
1186,20,No,Research & Development,12,1,Technical Degree,1,3,Male,52,3,2,Laboratory Technician,1,Single,2469,18974,8,Y,No,12,4,2,8,2,2,6,4,6,16,8,13
1187,56,No,Research & Development,16,1,Life Sciences,1,3,Male,75,2,4,Laboratory Technician,4,Married,4896,24538,5,Y,No,12,4,1,8,1,12,4,1,13,15,13,6
1188,23,No,Human Resources,28,2,Human Resources,1,1,Female,42,3,1,Sales Representative,1,Married,15887,5036,0,Y,No,22,4,1,8,3,40,5,3,29,17,13,11
1189,25,Yes,Human Resources,23,1,Human Resources,1,3,Female,50,3,4,Manufacturing Director,1,Single,9493,26428,1,Y,Yes,21,3,2,8,2,29,6,2,23,15,3,4
1190,44,No,Sales,17,2,Human Resources,1,2,Female,30,3,3,Sales Executive,4,Single,10844,7948,6,Y,Yes,16,4,1,8,1,22,1,1,2,7,13,0
1191,26,No,Sales,1,4,Other,1,2,Male,48,3,4,Research Scientist,2,Married,16652,14088,6,Y,No,17,3,3,8,0,6,2,2,38,5,0,10
1192,54,No,Human Resources,23,1,Medical,1,2,Female,89,2,3,Research Scientist,1,Married,11919,14744,2,Y,No,16,4,2,8,3,29,0,3,26,1,13,14
1193,50,No,Sales,10,3,Technical Degree,1,3,Male,62,1,3,Laboratory Technician,4,Single,18230,26314,0,Y,Yes,21,3,1,8,3,28,1,4,0,18,1,9
1194,59,Yes,Human Resources,26,1,Human Resources,1,2,Male,33,2,2,Manager,1,Married,6855,8169,7,Y,No,16,3,2,8,1,7,3,1,37,12,13,14
1195,61,No,Sales,23,2,Life Sciences,1,1,Male,32,2,2,Sales Representative,3,Married,9472,2227,6,Y,No,25,3,1,8,1,9,3,4,25,5,10,12
1196,41,Yes,Research & Development,18,1,Human Resources,1,4,Female,81,1,2,Sales Executive,3,Divorced,14345,17865,7,Y,No,19,4,2,8,0,32,3,1,5,5,5,14
1197,32,Yes,Sales,19,4,Medical,1,3,Female,57,3,2,Human Resources,1,Divorced,3378,11384,0,Y,No,18,4,1,8,0,19,5,1,11,12,4,1
1198,49,No,Research & Development,24,3,Medical,1,2,Male,99,1,2,Sales Executive,3,Divorced,15001,6125,2,Y,No,24,3,2,8,0,28,5,3,37,0,15,12
1199,49,No,Research & Development,2,2,Technical Degree,1,1,Male,99,1,1,Research Scientist,2,Divorced,1891,25176,1,Y,Yes,18,4,2,8,3,28,6,3,34,8,11,11
1200,41,No,Research & Development,9,3,Other,1,4,Male,84,2,2,Laboratory Technician,3,Divorced,4180,22589,0,Y,No,16,4,2,8,3,20,2,4,9,11,6,3
1201,58,No,Research & Development,22,3,Technical Degree,1,1,Female,86,1,4,Reseach Director,4,Married,3049,16270,4,Y,No,15,3,2,8,2,0,3,3,8,11,8,11
1202,29,No,Sales,13,2,Human Resources,1,2,Male,45,3,3,Human Resources,1,Married,7381,8638,2,Y,No,19,4,2,8,2,33,5,3,22,3,15,14
1203,56,No,Human Resources,25,3,Life Sciences,1,1,Female,53,2,2,Laboratory Technician,4,Divorced,8571,10488,7,Y,Yes,22,3,3,8,2,31,6,4,29,18,15,12
1204,19,No,Research & Development,16,3,Technical Degree,1,4,Male,98,3,1,Sales Representative,3,Single,12785,23070,5,Y,No,12,4,2,8,3,13,5,4,21,15,5,1
1205,20,No,Sales,18,1,Other,1,2,Female,70,2,4,Human Resources,2,Divorced,6909,12655,8,Y,No,17,3,2,8,0,36,4,1,8,11,5,15
1206,54,No,Research & Development,19,3,Technical Degree,1,4,Male,76,3,4,Reseach Director,3,Single,8974,14974,8,Y,Yes,16,4,2,8,2,34,5,1,18,0,1,13
1207,34,No,Sales,12,3,Medical,1,1,Female,98,1,3,Manufacturing Director,3,Married,9474,19037,5,Y,Yes,17,4,1,8,0,23,3,4,7,3,6,1
1208,19,No,Sales,8,3,Human Resources,1,3,Female,60,1,4,Manufacturing Director,2,Single,1598,23876,1,Y,Yes,22,3,2,8,0,0,1,2,3,8,1,16
1209,19,No,Sales,17,3,Human Resources,1,3,Female,59,1,4,Manufacturing Director,2,Married,6072,25809,8,Y,Yes,14,3,3,8,0,5,3,2,4,6,12,15
1210,45,No,Human Resources,15,2,Human Resources,1,3,Female,47,3,4,Manager,2,Single,19383,5406,1,Y,No,19,4,2,8,2,3,6,1,18,9,6,3
1211,40,Yes,Sales,27,4,Human Resources,1,3,Female,73,2,4,Manufacturing Director,1,Married,17249,22436,2,Y,No,17,3,1,8,2,37,6,1,17,12,7,10
1212,54,No,Sales,15,1,Human Resources,1,4,Female,56,2,1,Healthcare Representative,2,Married,2267,20687,5,Y,No,12,3,1,8,0,0,6,4,28,7,11,12
1213,49,No,Human Resources,15,3,Human Resources,1,3,Male,55,2,3,Human Resources,2,Divorced,14607,20847,1,Y,Yes,23,3,2,8,2,40,4,2,18,9,0,5
1214,50,No,Human Resources,23,3,Life Sciences,1,4,Male,89,1,2,Reseach Director,1,Married,3875,25450,4,Y,No,14,3,2,8,1,30,3,4,5,9,8,16
1215,18,No,Sales,7,2,Other,1,2,Male,47,3,4,Sales Representative,3,Divorced,17964,15019,1,Y,Yes,15,3,2,8,2,35,0,1,4,7,7,0
1216,36,Yes,Human Resources,27,4,Human Resources,1,3,Male,85,2,1,Healthcare Representative,3,Divorced,9745,4773,3,Y,Yes,12,4,2,8,0,8,4,2,4,14,8,8
1217,19,No,Research & Development,17,3,Other,1,4,Female,60,3,3,Healthcare Representative,2,Divorced,13713,4898,2,Y,No,20,3,1,8,0,40,2,3,7,0,4,17
1218,61,No,Research & Development,9,2,Human Resources,1,3,Male,88,2,2,Reseach Director,4,Single,1646,14053,4,Y,Yes,18,3,2,8,3,22,3,3,26,14,12,10
1219,43,No,Human Resources,8,1,Technical Degree,1,3,Female,31,1,3,Sales Representative,2,Single,5891,20731,5,Y,Yes,11,3,1,8,3,30,5,4,36,16,13,13
1220,49,No,Human Resources,20,1,Human Resources,1,3,Female,68,3,1,Human Resources,1,Married,16837,14694,6,Y,No,25,3,1,8,0,28,1,2,37,12,3,1
1221,23,No,Sales,26,3,Medical,1,4,Female,90,2,1,Research Scientist,4,Divorced,4681,11184,7,Y,No,13,4,3,8,1,20,3,1,36,11,0,10
1222,49,No,Human Resources,27,3,Life Sciences,1,1,Male,92,2,1,Laboratory Technician,1,Divorced,13338,8474,8,Y,Yes,25,3,1,8,3,2,1,2,17,2,8,1
1223,21,No,Sales,21,4,Technical Degree,1,3,Female,47,2,4,Research Scientist,4,Married,15976,12034,3,Y,No,24,4,2,8,0,25,6,2,25,18,13,3
1224,28,No,Research & Development,18,4,Technical Degree,1,3,Male,46,2,1,Reseach Director,4,Divorced,5720,23375,3,Y,No,11,4,2,8,3,5,6,1,15,4,3,12
1225,34,No,Human Resources,13,3,Medical,1,2,Male,68,1,2,Research Scientist,2,Married,14244,5251,6,Y,Yes,25,3,2,8,3,19,0,2,21,2,14,5
1226,55,No,Sales,16,2,Human Resources,1,1,Male,83,2,4,Research Scientist,1,Divorced,1168,7748,8,Y,Yes,15,3,2,8,0,12,2,3,22,4,3,6
1227,41,No,Sales,9,4,Life Sciences,1,4,Male,64,2,3,Research Scientist,4,Single,11153,3544,1,Y,No,18,4,3,8,2,40,5,1,2,8,3,2
1228,22,Yes,Research & Development,18,3,Technical Degree,1,2,Male,40,1,2,Manufacturing Director,1,Married,15802,11527,5,Y,No,17,4,3,8,1,22,4,3,2,5,15,3
1229,51,No,Human Resources,12,4,Life Sciences,1,3,Female,90,2,4,Sales Executive,2,Married,10932,20798,7,Y,Yes,19,4,3,8,2,14,4,4,11,15,1,2
1230,23,No,Research & Development,6,3,Technical Degree,1,2,Female,73,3,1,Research Scientist,2,Single,6947,11954,4,Y,No,12,3,3,8,0,30,2,3,22,9,11,0
1231,39,No,Sales,19,1,Human Resources,1,2,Male,97,3,3,Laboratory Technician,2,Married,12363,12311,4,Y,Yes,22,4,1,8,0,3,0,4,10,15,10,12
1232,28,No,Sales,28,3,Technical Degree,1,3,Female,54,2,1,Reseach Director,2,Single,10933,25573,7,Y,Yes,18,3,3,8,1,10,0,4,28,2,12,13
1233,65,No,Human Resources,7,1,Technical Degree,1,1,Male,77,1,2,Sales Executive,3,Divorced,1589,3860,0,Y,No,18,4,1,8,0,1,6,1,5,17,3,15
1234,33,No,Sales,25,4,Other,1,1,Female,61,1,2,Manager,4,Single,5483,8188,5,Y,No,24,4,2,8,3,15,3,3,15,10,1,3
1235,50,No,Human Resources,3,3,Human Resources,1,2,Female,33,1,4,Laboratory Technician,3,Single,10950,7277,8,Y,No,16,3,1,8,1,30,0,3,33,18,7,16
1236,26,No,Research & Development,16,4,Medical,1,3,Female,67,2,2,Laboratory Technician,2,Married,8082,13947,5,Y,No,13,3,1,8,2,38,3,3,36,14,15,9
1237,23,No,Human Resources,18,1,Medical,1,4,Female,92,2,3,Manufacturing Director,4,Divorced,10671,12586,6,Y,No,12,4,3,8,1,3,1,1,10,10,6,6
1238,33,No,Human Resources,16,3,Human Resources,1,2,Female,76,3,4,Manufacturing Director,4,Single,6068,16552,3,Y,Yes,24,3,2,8,2,27,2,4,10,9,10,12
1239,46,No,Sales,23,4,Medical,1,4,Female,30,1,3,Reseach Director,1,Divorced,14466,3261,0,Y,No,18,3,2,8,0,15,1,4,24,8,9,12
1240,20,No,Sales,7,1,Human Resources,1,2,Female,32,2,1,Laboratory Technician,2,Single,5337,23186,8,Y,Yes,16,4,3,8,2,38,1,4,18,2,1,13
1241,37,Yes,Human Resources,4,4,Medical,1,2,Female,91,2,3,Sales Representative,1,Married,18787,8682,5,Y,No,14,3,1,8,2,24,1,1,31,8,13,5
1242,53,Yes,Sales,27,2,Other,1,3,Female,93,2,3,Sales Representative,2,Single,1930,18862,2,Y,Yes,15,3,3,8,2,12,1,1,7,17,1,15
1243,36,No,Sales,25,1,Medical,1,3,Female,46,1,2,Reseach Director,4,Single,3782,20906,3,Y,No,15,4,1,8,1,4,4,2,11,11,1,8
1244,43,No,Sales,8,1,Technical Degree,1,4,Female,91,1,1,Research Scientist,3,Divorced,5471,19881,5,Y,No,23,4,3,8,3,29,0,3,40,15,0,15
1245,20,No,Human Resources,13,1,Human Resources,1,4,Female,64,3,2,Healthcare Representative,2,Single,7742,2215,5,Y,Yes,19,3,3,8,2,0,2,4,34,3,12,11
1246,36,No,Sales,13,3,Life Sciences,1,1,Female,42,1,1,Manager,3,Married,12783,22473,8,Y,No,23,3,2,8,1,4,2,2,5,0,5,15
1247,37,Yes,Human Resources,17,3,Life Sciences,1,3,Male,64,2,1,Manufacturing Director,3,Married,10319,17718,3,Y,No,23,3,2,8,1,13,5,2,20,12,5,4
1248,49,Yes,Sales,17,3,Human Resources,1,2,Female,72,3,3,Healthcare Representative,3,Single,2874,8001,4,Y,Yes,19,4,2,8,3,10,1,1,25,7,0,10
1249,24,No,Research & Development,5,2,Other,1,2,Female,31,1,2,Human Resources,1,Single,18117,5988,4,Y,Yes,18,4,3,8,1,33,2,1,0,5,10,0
1250,58,No,Sales,6,2,Medical,1,1,Female,85,1,3,Reseach Director,4,Divorced,1720,10158,2,Y,Yes,18,3,2,8,0,28,6,2,16,7,0,9
1251,50,No,Sales,19,1,Other,1,3,Female,80,1,3,Research Scientist,3,Divorced,8719,11465,1,Y,No,22,3,2,8,0,17,3,1,34,18,5,10
1252,57,No,Human Resources,13,2,Life Sciences,1,2,Female,83,1,3,Sales Executive,4,Married,14455,19203,7,Y,Yes,12,3,3,8,0,14,2,1,26,11,10,14
1253,56,Yes,Human Resources,25,4,Human Resources,1,1,Female,45,2,1,Research Scientist,1,Divorced,14403,9131,8,Y,Yes,24,4,2,8,3,24,6,1,1,0,5,2
1254,35,No,Sales,28,1,Human Resources,1,1,Male,47,1,2,Laboratory Technician,2,Single,1399,14168,8,Y,No,13,4,1,8,1,29,1,2,35,3,3,14
1255,57,No,Research & Development,26,1,Other,1,2,Male,36,2,2,Research Scientist,2,Married,10271,26191,4,Y,No,24,3,2,8,0,1,2,4,0,12,2,10
1256,18,No,Sales,14,4,Other,1,2,Male,74,2,3,Laboratory Technician,3,Divorced,5496,5762,8,Y,No,18,3,1,8,2,39,0,2,9,16,13,8
1257,28,No,Sales,22,1,Medical,1,4,Female,65,2,1,Human Resources,1,Married,11629,19617,3,Y,No,23,3,2,8,1,26,1,4,30,18,8,1
1258,45,No,Research & Development,4,2,Technical Degree,1,3,Female,70,3,2,Manufacturing Director,2,Single,14579,12659,1,Y,No,15,3,3,8,0,14,4,4,36,18,5,11
1259,42,Yes,Human Resources,17,3,Technical Degree,1,4,Female,71,2,4,Human Resources,1,Divorced,7075,22507,2,Y,No,17,4,3,8,1,31,6,2,4,4,0,15
1260,40,Yes,Sales,7,4,Medical,1,1,Male,36,1,2,Laboratory Technician,2,Single,5503,17121,0,Y,Yes,24,3,2,8,0,19,0,1,40,10,2,15
1261,48,No,Human Resources,8,2,Technical Degree,1,2,Female,44,3,3,Sales Executive,3,Single,4581,17885,4,Y,Yes,18,3,1,8,2,13,2,3,12,6,0,0
1262,47,No,Human Resources,25,4,Life Sciences,1,4,Female,89,1,4,Healthcare Representative,3,Married,13679,10642,0,Y,No,16,4,2,8,1,26,4,2,23,2,2,15
1263,59,No,Research & Development,13,4,Technical Degree,1,1,Male,69,2,1,Research Scientist,1,Married,16948,17430,0,Y,Yes,25,3,3,8,0,2,5,1,26,10,1,5
1264,52,No,Research & Development,27,1,Medical,1,3,Male,66,1,4,Manufacturing Director,1,Married,17269,22218,6,Y,Yes,15,3,2,8,0,2,0,1,0,16,4,13
1265,24,No,Human Resources,6,1,Technical Degree,1,2,Female,95,3,4,Research Scientist,3,Divorced,11258,21320,1,Y,Yes,18,3,3,8,2,12,5,4,19,10,14,10
1266,33,No,Sales,6,2,Human Resources,1,4,Female,84,3,3,Research Scientist,1,Divorced,3320,20687,7,Y,Yes,11,3,1,8,2,24,3,1,7,14,2,0
1267,43,No,Human Resources,24,4,Other,1,3,Female,85,1,2,Laboratory Technician,3,Married,12080,3064,5,Y,No,11,3,1,8,0,17,0,3,2,18,6,16
1268,65,Yes,Sales,22,1,Life Sciences,1,4,Female,73,1,1,Healthcare Representative,1,Divorced,7782,2452,3,Y,No,11,3,3,8,0,0,4,3,31,7,7,1
1269,19,No,Sales,21,1,Human Resources,1,1,Male,86,1,4,Manufacturing Director,1,Divorced,7914,4724,8,Y,Yes,13,4,1,8,3,38,5,1,24,15,6,13
1270,18,Yes,Research & Development,23,4,Human Resources,1,3,Female,35,3,3,Research Scientist,2,Married,4651,5282,7,Y,No,20,3,3,8,3,4,3,2,24,14,1,7
1271,65,No,Sales,28,2,Medical,1,4,Female,61,2,2,Research Scientist,1,Single,7347,7040,2,Y,Yes,23,4,3,8,1,1,5,3,13,2,9,5
1272,29,No,Sales,3,2,Other,1,3,Male,47,1,4,Manager,3,Divorced,17355,17438,2,Y,Yes,22,4,3,8,1,29,2,4,26,5,9,8
1273,22,Yes,Human Resources,17,4,Other,1,1,Female,97,2,3,Reseach Director,1,Divorced,10631,17646,3,Y,No,16,4,2,8,3,16,1,1,31,2,6,4
1274,54,No,Research & Development,22,2,Life Sciences,1,3,Female,36,3,3,Manager,2,Single,16664,20100,8,Y,Yes,16,4,1,8,0,28,5,4,26,4,9,4
1275,49,No,Sales,2,1,Medical,1,4,Male,37,1,3,Reseach Director,2,Single,11114,14212,8,Y,No,15,3,2,8,2,3,2,1,3,0,2,17
1276,26,No,Sales,16,4,Life Sciences,1,1,Male,93,1,1,Sales Executive,1,Single,7249,20232,4,Y,No,23,3,2,8,1,8,1,3,38,13,6,13
1277,58,No,Research & Development,22,1,Technical Degree,1,2,Female,36,3,2,Manager,2,Married,15806,9910,8,Y,No,23,3,1,8,0,20,1,1,10,11,14,11
1278,52,Yes,Human Resources,27,3,Human Resources,1,4,Male,70,1,4,Laboratory Technician,1,Single,8815,7211,5,Y,No,24,3,2,8,2,11,4,1,2,12,15,11
1279,36,No,Research & Development,6,3,Life Sciences,1,4,Male,69,2,2,Sales Executive,1,Married,1766,24502,7,Y,No,17,4,3,8,2,11,6,1,24,13,0,5
1280,65,No,Research & Development,8,2,Human Resources,1,1,Female,32,3,2,Sales Representative,4,Single,7229,26908,7,Y,No,15,4,2,8,0,3,3,3,23,11,1,3
1281,33,Yes,Sales,24,3,Medical,1,1,Male,46,3,4,Manufacturing Director,2,Single,11113,15045,6,Y,No,24,4,3,8,0,27,6,1,8,12,11,14
1282,20,No,Sales,8,1,Technical Degree,1,2,Female,95,1,2,Sales Representative,2,Married,15325,16992,3,Y,No,12,3,1,8,1,8,3,3,7,5,9,14
1283,37,Yes,Human Resources,29,3,Medical,1,4,Female,81,3,1,Manufacturing Director,4,Married,10335,25451,3,Y,No,14,4,2,8,3,39,0,2,38,14,15,16
1284,41,Yes,Sales,6,1,Technical Degree,1,1,Female,51,1,4,Manufacturing Director,2,Single,9965,3067,5,Y,Yes,11,3,1,8,0,31,2,2,30,15,0,2
1285,50,No,Sales,14,2,Technical Degree,1,2,Female,33,1,4,Manufacturing Director,1,Single,4506,18357,8,Y,No,17,4,3,8,3,12,4,2,16,8,8,9
1286,41,Yes,Research & Development,22,2,Human Resources,1,2,Male,35,3,3,Manager,3,Single,10873,6410,6,Y,Yes,14,3,2,8,1,33,5,2,30,7,12,7
1287,28,No,Sales,10,1,Medical,1,1,Female,67,1,2,Human Resources,1,Divorced,9783,24399,4,Y,No,23,4,3,8,3,18,2,3,3,4,12,8
1288,25,No,Human Resources,3,3,Medical,1,4,Female,55,2,4,Healthcare Representative,4,Single,15048,4405,4,Y,Yes,14,4,3,8,3,13,5,1,3,14,14,2
1289,53,No,Research & Development,27,2,Life Sciences,1,3,Female,40,2,4,Sales Representative,1,Married,2830,19263,7,Y,No,23,3,3,8,2,4,6,3,36,6,1,0
1290,55,No,Human Resources,12,4,Medical,1,3,Female,46,1,1,Sales Representative,2,Divorced,18578,20904,5,Y,No,14,4,1,8,1,26,5,2,7,16,1,10
1291,57,No,Research & Development,17,2,Life Sciences,1,2,Male,60,2,3,Manufacturing Director,3,Married,13726,10839,0,Y,No,13,4,1,8,0,27,6,4,5,15,5,12
1292,37,Yes,Sales,27,3,Other,1,3,Male,64,1,4,Human Resources,2,Divorced,19030,12393,0,Y,Yes,18,3,1,8,3,25,6,1,8,10,6,11
1293,52,No,Research & Development,29,4,Other,1,3,Male,45,2,1,Human Resources,4,Divorced,11381,17140,8,Y,Yes,14,4,2,8,1,9,5,3,7,6,13,6
1294,65,No,Research & Development,5,3,Other,1,1,Female,47,3,4,Healthcare Representative,1,Married,9389,15226,7,Y,No,18,4,3,8,2,23,0,1,31,10,12,1
1295,42,Yes,Sales,20,1,Medical,1,2,Male,91,1,4,Manager,2,Divorced,2755,8756,5,Y,Yes,19,4,1,8,2,16,6,1,14,1,1,0
1296,52,No,Sales,25,4,Medical,1,4,Male,56,1,4,Healthcare Representative,1,Married,6806,15474,0,Y,No,11,4,3,8,3,15,0,1,17,1,13,2
1297,42,Yes,Human Resources,15,3,Life Sciences,1,2,Female,64,1,1,Laboratory Technician,1,Single,17292,12933,1,Y,Yes,25,3,1,8,3,16,4,1,22,5,3,3
1298,46,No,Human Resources,21,4,Technical Degree,1,1,Male,74,1,2,Sales Representative,4,Divorced,9098,14519,2,Y,Yes,14,3,3,8,0,0,0,1,4,2,2,16
1299,35,No,Sales,26,3,Life Sciences,1,3,Female,64,1,4,Human Resources,1,Married,13146,9575,2,Y,Yes,16,4,1,8,1,20,4,2,26,0,12,17
1300,63,No,Sales,20,4,Other,1,4,Male,57,1,4,Manufacturing Director,4,Divorced,8606,3455,1,Y,No,18,3,1,8,0,21,0,3,32,15,4,16
1301,35,No,Sales,7,3,Life Sciences,1,2,Male,38,3,2,Human Resources,1,Married,7116,6051,1,Y,Yes,24,4,1,8,0,4,3,2,1,13,8,3
1302,19,No,Research & Development,22,1,Technical Degree,1,3,Male,44,3,4,Human Resources,3,Single,3802,3841,5,Y,Yes,16,3,1,8,2,35,4,2,37,16,1,16
1303,52,No,Research & Development,4,4,Medical,1,2,Male,50,2,3,Reseach Director,3,Single,12147,25147,6,Y,No,22,4,3,8,1,20,3,3,27,17,12,1
1304,33,No,Research & Development,13,4,Life Sciences,1,4,Female,81,1,4,Sales Representative,1,Divorced,3509,2632,3,Y,No,16,4,1,8,0,8,6,3,23,3,4,9
1305,58,Yes,Sales,23,4,Other,1,2,Female,64,2,3,Laboratory Technician,1,Divorced,14147,9726,0,Y,Yes,20,3,1,8,2,26,3,2,20,2,7,11
1306,53,No,Human Resources,10,4,Other,1,2,Male,80,2,2,Healthcare Representative,2,Married,9370,12706,5,Y,Yes,14,4,1,8,3,11,4,4,30,7,5,12
1307,50,No,Sales,18,1,Medical,1,2,Female,84,3,1,Laboratory Technician,3,Married,5934,26958,6,Y,No,19,4,3,8,0,17,2,4,10,3,3,10
1308,21,No,Research & Development,17,4,Life Sciences,1,3,Male,73,2,2,Reseach Director,4,Divorced,18473,12374,3,Y,No,17,4,1,8,3,34,6,3,27,14,14,7
1309,50,No,Research & Development,20,2,Technical Degree,1,4,Male,94,3,4,Manager,3,Married,5462,22411,5,Y,No,24,4,3,8,1,14,6,1,39,12,9,4
1310,31,No,Sales,20,1,Medical,1,4,Male,54,2,3,Laboratory Technician,4,Married,19641,6050,8,Y,No,21,3,2,8,0,29,1,4,3,13,7,1
1311,38,No,Sales,13,2,Life Sciences,1,3,Male,76,1,1,Human Resources,1,Married,15788,17504,3,Y,No,16,3,3,8,3,32,0,2,15,13,2,11
1312,65,No,Research & Development,17,4,Human Resources,1,3,Male,85,2,4,Sales Executive,3,Divorced,13109,5951,3,Y,Yes,11,3,2,8,3,35,5,2,11,4,3,1
1313,37,Yes,Research & Development,22,3,Other,1,3,Male,67,3,1,Laboratory Technician,1,Single,16171,10142,4,Y,No,12,3,1,8,1,39,0,4,21,4,10,5
1314,25,Yes,Research & Development,4,2,Technical Degree,1,1,Female,40,3,1,Reseach Director,2,Single,2334,23807,2,Y,No,22,4,1,8,2,29,5,1,34,12,8,11
1315,24,No,Sales,1,4,Technical Degree,1,2,Female,96,3,4,Laboratory Technician,2,Married,12378,26675,1,Y,Yes,16,4,3,8,2,25,2,3,15,3,4,12
1316,20,Yes,Research & Development,29,2,Technical Degree,1,2,Male,44,2,2,Laboratory Technician,3,Divorced,11349,20133,8,Y,No,21,4,1,8,0,20,1,2,23,17,5,16
1317,34,No,Research & Development,15,4,Other,1,4,Female,30,2,4,Research Scientist,3,Married,14417,8277,0,Y,No,25,4,1,8,3,36,2,4,34,5,11,11
1318,50,No,Human Resources,13,4,Life Sciences,1,2,Male,36,3,4,Human Resources,3,Single,19081,22904,4,Y,No,11,3,3,8,2,30,1,1,27,4,15,2
1319,65,No,Sales,17,4,Medical,1,1,Female,30,1,2,Manufacturing Director,4,Married,19469,25713,4,Y,Yes,25,3,1,8,0,16,4,2,28,2,10,7
1320,29,No,Human Resources,24,3,Life Sciences,1,3,Female,78,1,3,Manager,1,Single,2470,19515,7,Y,No,25,3,2,8,3,16,4,2,20,2,1,15
1321,39,No,Human Resources,26,2,Medical,1,4,Female,58,2,4,Research Scientist,2,Divorced,10603,20592,5,Y,No,21,4,2,8,0,33,5,1,24,2,8,3
1322,39,No,Research & Development,8,1,Technical Degree,1,4,Male,55,2,1,Human Resources,1,Married,1081,16480,5,Y,No,15,4,1,8,1,23,3,4,38,1,7,12
1323,63,No,Sales,18,1,Life Sciences,1,2,Female,74,3,4,Reseach Director,2,Divorced,7039,10968,5,Y,No,11,4,1,8,0,32,3,1,30,17,6,7
1324,47,No,Research & Development,27,1,Technical Degree,1,4,Male,41,2,4,Healthcare Representative,2,Married,8726,6110,3,Y,Yes,23,4,2,8,1,3,5,2,14,9,8,0
1325,55,No,Sales,13,1,Human Resources,1,3,Male,61,2,1,Reseach Director,2,Married,14340,12081,0,Y,Yes,13,3,1,8,3,8,4,4,34,6,4,2
1326,55,No,Human Resources,23,4,Technical Degree,1,4,Male,49,3,2,Manufacturing Director,3,Married,14945,26022,2,Y,No,22,3,2,8,3,1,5,3,37,13,4,0
1327,62,No,Sales,14,2,Technical Degree,1,3,Female,80,3,3,Reseach Director,2,Married,19886,20300,5,Y,No,22,3,3,8,3,34,3,4,21,9,10,14
1328,25,No,Research & Development,8,2,Medical,1,1,Female,65,2,3,Research Scientist,1,Married,4585,22010,4,Y,No,22,4,2,8,0,37,5,4,4,15,10,17
1329,44,No,Research & Development,8,3,Human Resources,1,1,Female,96,1,1,Reseach Director,2,Divorced,9109,25146,0,Y,No,17,3,1,8,3,14,4,3,12,5,8,2
1330,44,No,Research & Development,27,2,Technical Degree,1,3,Male,30,2,2,Manufacturing Director,1,Divorced,14621,26730,4,Y,No,15,4,1,8,3,2,2,4,31,16,10,14
1331,51,No,Sales,26,2,Technical Degree,1,2,Male,56,1,4,Manufacturing Director,2,Single,6737,10544,1,Y,No,25,3,2,8,1,30,0,2,2,5,4,4
1332,38,No,Human Resources,15,2,Human Resources,1,4,Female,69,1,4,Sales Executive,2,Married,1041,5663,0,Y,No,22,3,2,8,3,40,4,2,14,17,8,9
1333,47,Yes,Human Resources,27,3,Human Resources,1,2,Male,43,1,4,Laboratory Technician,3,Single,11895,21668,3,Y,Yes,25,4,1,8,3,22,5,2,26,9,0,6
1334,50,Yes,Sales,18,1,Life Sciences,1,4,Female,98,3,4,Healthcare Representative,2,Divorced,15087,23429,5,Y,No,20,4,1,8,3,11,4,1,26,9,14,7
1335,45,No,Research & Development,7,2,Medical,1,1,Female,35,3,4,Healthcare Representative,2,Single,5382,11772,6,Y,Yes,11,4,1,8,2,7,4,3,29,8,9,2
1336,64,No,Human Resources,5,3,Human Resources,1,1,Female,62,3,1,Research Scientist,2,Divorced,15477,16410,8,Y,Yes,11,3,3,8,3,20,3,2,5,14,9,17
1337,50,No,Research & Development,17,3,Human Resources,1,1,Female,84,2,4,Manufacturing Director,1,Married,14046,22751,4,Y,No,25,3,3,8,0,20,5,4,24,10,10,16
1338,22,No,Sales,28,4,Other,1,4,Male,48,3,4,Sales Executive,2,Single,15470,18830,7,Y,Yes,18,3,2,8,1,31,3,1,27,6,7,15
1339,65,No,Research & Development,25,3,Human Resources,1,1,Female,58,3,2,Human Resources,4,Single,3401,7121,7,Y,Yes,21,3,2,8,3,16,5,3,21,17,2,12
1340,36,No,Human Resources,29,1,Medical,1,1,Female,90,2,4,Sales Executive,3,Single,12072,17760,8,Y,Yes,24,4,3,8,0,36,3,3,3,1,15,3
1341,21,No,Human Resources,16,2,Technical Degree,1,1,Female,99,2,3,Manager,1,Single,18794,4866,2,Y,No,23,3,3,8,1,23,3,1,14,1,12,2
1342,52,No,Research & Development,23,3,Technical Degree,1,1,Female,53,1,1,Reseach Director,3,Married,1826,19064,2,Y,Yes,19,4,2,8,1,7,2,2,25,12,7,10
1343,34,No,Sales,2,1,Technical Degree,1,2,Female,52,2,1,Laboratory Technician,4,Divorced,7212,16140,8,Y,Yes,17,3,3,8,0,17,4,2,17,10,4,1
1344,61,Yes,Research & Development,25,3,Technical Degree,1,1,Female,39,2,1,Sales Executive,2,Divorced,3447,2696,6,Y,No,23,4,2,8,0,10,2,1,8,18,1,17
1345,45,No,Sales,18,3,Other,1,1,Female,83,3,3,Reseach Director,4,Married,18603,12512,3,Y,No,13,4,1,8,2,9,3,2,3,0,8,3
1346,47,No,Research & Development,17,3,Human Resources,1,2,Male,70,1,4,Laboratory Technician,1,Divorced,7650,10457,0,Y,Yes,22,3,2,8,2,25,2,2,4,16,3,16
1347,46,No,Human Resources,7,3,Technical Degree,1,2,Male,78,1,1,Manager,4,Single,17992,16781,6,Y,No,16,3,3,8,3,5,6,4,5,17,13,5
1348,63,No,Sales,13,3,Life Sciences,1,4,Male,46,2,3,Manager,1,Married,15035,18829,5,Y,No,13,4,3,8,2,16,6,2,11,7,13,9
1349,23,No,Sales,18,1,Technical Degree,1,3,Male,85,3,2,Manufacturing Director,1,Divorced,19239,18106,2,Y,Yes,20,3,3,8,0,22,4,1,30,12,6,10
1350,52,No,Sales,29,2,Human Resources,1,1,Female,74,3,4,Manager,2,Married,19280,23910,4,Y,Yes,14,4,2,8,2,36,4,2,8,3,11,4
1351,58,No,Human Resources,14,2,Technical Degree,1,1,Male,59,3,3,Manufacturing Director,1,Married,18072,2525,2,Y,Yes,22,3,3,8,1,27,3,1,6,18,7,17
1352,54,No,Research & Development,18,2,Other,1,1,Male,73,3,4,Sales Representative,4,Divorced,2844,13236,7,Y,No,14,3,2,8,0,15,4,1,28,2,6,9
1353,41,No,Human Resources,13,2,Medical,1,4,Male,84,2,2,Human Resources,1,Divorced,13231,26926,4,Y,Yes,13,3,1,8,3,11,2,1,13,5,10,8
1354,46,No,Sales,11,1,Medical,1,1,Female,48,3,3,Research Scientist,1,Married,3186,2959,5,Y,Yes,20,3,1,8,1,20,1,2,19,5,5,15
1355,63,No,Research & Development,21,4,Human Resources,1,3,Male,58,1,4,Reseach Director,3,Married,9151,16432,1,Y,No,16,3,3,8,1,23,4,2,31,5,14,9
1356,48,No,Human Resources,21,4,Medical,1,2,Male,31,1,3,Human Resources,4,Divorced,1157,13929,7,Y,No,15,4,2,8,1,27,2,3,21,7,13,9
1357,52,No,Sales,16,1,Medical,1,4,Female,65,2,1,Human Resources,1,Married,18888,16383,8,Y,No,21,3,2,8,0,36,6,4,35,16,11,3
1358,50,No,Sales,23,1,Life Sciences,1,2,Male,48,3,4,Healthcare Representative,2,Divorced,14114,10879,2,Y,No,19,4,3,8,0,20,6,4,17,9,6,13
1359,38,No,Human Resources,17,3,Human Resources,1,1,Female,36,3,3,Sales Executive,1,Married,2753,24240,5,Y,Yes,19,4,2,8,3,32,2,3,39,4,3,7
1360,49,Yes,Human Resources,8,3,Human Resources,1,1,Male,55,3,1,Manager,1,Married,2655,2485,5,Y,Yes,13,4,3,8,2,1,6,1,24,18,9,0
1361,40,No,Human Resources,19,3,Medical,1,1,Female,67,3,2,Sales Representative,3,Married,10873,14148,1,Y,Yes,23,3,3,8,2,36,2,4,30,10,0,15
1362,50,No,Sales,20,2,Medical,1,3,Male,32,2,4,Sales Executive,4,Divorced,14675,12484,7,Y,No,19,4,1,8,2,18,4,3,34,9,4,16
1363,20,No,Human Resources,15,3,Medical,1,3,Male,95,3,4,Research Scientist,4,Single,4676,14281,4,Y,Yes,23,4,3,8,2,27,1,1,25,2,7,9
1364,35,No,Sales,9,4,Other,1,4,Male,72,2,2,Sales Executive,2,Divorced,17969,15233,7,Y,No,22,4,2,8,1,14,3,3,3,9,9,5
1365,42,No,Human Resources,20,2,Technical Degree,1,2,Female,91,3,1,Healthcare Representative,2,Married,12296,22230,7,Y,No,13,4,3,8,0,0,3,2,19,1,5,6
1366,59,No,Sales,10,3,Other,1,1,Male,53,3,2,Research Scientist,2,Single,17311,22846,2,Y,No,14,4,1,8,2,27,4,2,33,8,4,17
1367,48,No,Sales,12,2,Human Resources,1,1,Female,68,1,4,Manufacturing Director,1,Single,14019,13713,4,Y,Yes,11,4,1,8,1,34,4,1,11,4,1,1
1368,20,No,Research & Development,21,4,Life Sciences,1,1,Female,97,2,3,Sales Executive,1,Married,5788,22997,6,Y,No,15,3,2,8,0,31,6,1,15,16,9,8
1369,57,No,Human Resources,23,3,Technical Degree,1,1,Female,73,1,1,Reseach Director,2,Divorced,9196,26175,4,Y,Yes,22,4,3,8,0,27,0,2,4,5,11,4
1370,63,No,Human Resources,20,4,Life Sciences,1,3,Female,34,2,1,Sales Representative,4,Single,14038,23054,5,Y,Yes,19,4,2,8,0,8,5,4,34,10,4,7
1371,41,No,Sales,1,4,Human Resources,1,2,Male,84,3,1,Healthcare Representative,4,Single,3981,26881,1,Y,Yes,25,3,2,8,1,23,1,4,26,4,9,4
1372,49,No,Sales,25,4,Human Resources,1,2,Male,59,3,2,Research Scientist,2,Divorced,19438,20602,7,Y,No,12,4,3,8,2,3,2,2,0,6,11,14
1373,64,No,Sales,20,3,Life Sciences,1,4,Male,58,2,2,Sales Representative,3,Divorced,12149,10422,4,Y,Yes,14,3,1,8,0,40,5,4,33,6,2,7
1374,39,No,Research & Development,9,1,Life Sciences,1,3,Female,55,1,3,Sales Executive,4,Single,19020,22669,5,Y,Yes,20,3,2,8,1,2,2,2,31,3,12,4
1375,40,No,Research & Development,22,3,Life Sciences,1,1,Male,55,2,3,Reseach Director,4,Divorced,15856,6052,0,Y,No,12,4,2,8,0,21,5,3,38,9,15,4
1376,19,No,Sales,15,4,Human Resources,1,2,Female,66,2,1,Sales Executive,2,Single,15432,2755,1,Y,Yes,24,4,1,8,3,39,3,3,32,17,14,16
1377,44,No,Human Resources,1,3,Medical,1,2,Female,82,3,3,Manager,4,Married,2497,16625,3,Y,No,18,3,3,8,3,38,5,3,30,0,1,8
1378,59,No,Human Resources,12,4,Life Sciences,1,3,Female,59,1,2,Manager,1,Divorced,10136,21308,8,Y,Yes,19,3,3,8,1,24,4,4,12,13,13,1
1379,19,No,Research & Development,3,1,Technical Degree,1,4,Male,32,2,3,Healthcare Representative,1,Single,10915,16583,5,Y,No,13,3,3,8,2,21,1,3,1,5,2,0
1380,43,No,Research & Development,11,2,Human Resources,1,4,Male,72,1,2,Research Scientist,4,Divorced,2811,11357,7,Y,No,23,3,1,8,2,33,3,1,29,10,3,10
1381,34,No,Sales,2,1,Other,1,1,Female,36,1,3,Research Scientist,1,Divorced,16636,6666,1,Y,No,25,4,2,8,0,19,6,1,9,13,1,14
1382,57,Yes,Human Resources,16,1,Other,1,4,Male,78,2,4,Human Resources,3,Single,4529,24847,4,Y,No,19,3,1,8,2,35,5,1,22,2,13,0
1383,50,No,Sales,9,2,Technical Degree,1,2,Male,70,1,2,Healthcare Representative,4,Married,6905,26100,0,Y,No,16,3,2,8,2,36,1,1,32,15,3,6
1384,26,No,Research & Development,15,3,Medical,1,4,Female,83,3,4,Healthcare Representative,2,Single,16253,24768,3,Y,Yes,16,3,2,8,3,38,4,3,38,15,3,14
1385,60,No,Human Resources,12,2,Life Sciences,1,1,Female,98,3,2,Reseach Director,1,Divorced,4320,23653,0,Y,Yes,17,4,3,8,1,26,6,3,28,6,14,5
1386,65,Yes,Human Resources,1,3,Human Resources,1,2,Male,56,3,3,Manager,2,Single,19698,26829,8,Y,Yes,22,3,3,8,3,31,2,2,29,7,5,9
1387,56,No,Research & Development,13,3,Life Sciences,1,4,Female,37,3,4,Research Scientist,3,Divorced,19360,25482,1,Y,Yes,15,3,3,8,1,28,6,3,33,3,11,11
1388,46,No,Sales,14,4,Human Resources,1,4,Female,61,1,3,Sales Executive,1,Single,9018,21654,6,Y,No,16,4,1,8,0,40,0,1,38,11,4,12
1389,59,No,Sales,25,4,Other,1,3,Male,93,3,2,Healthcare Representative,3,Married,12915,7638,2,Y,No,21,4,3,8,3,31,1,4,16,11,6,14
1390,43,No,Human Resources,25,2,Life Sciences,1,1,Male,39,2,4,Manufacturing Director,4,Married,13236,22966,1,Y,Yes,11,3,1,8,1,23,2,3,21,9,10,16
1391,52,No,Research & Development,8,1,Technical Degree,1,4,Female,42,3,1,Laboratory Technician,3,Married,6471,23372,3,Y,No,13,3,3,8,2,2,1,2,4,11,6,12
1392,42,No,Human Resources,8,2,Medical,1,3,Male,92,2,3,Research Scientist,1,Married,14069,2277,6,Y,Yes,22,3,3,8,1,26,1,1,10,10,2,1
1393,41,No,Research & Development,27,3,Technical Degree,1,2,Female,64,2,2,Research Scientist,3,Single,4467,23129,6,Y,No,19,4,3,8,2,8,1,2,21,10,8,17
1394,30,No,Sales,12,4,Medical,1,3,Female,90,3,4,Manufacturing Director,1,Married,4739,20456,8,Y,No,22,4,1,8,0,39,4,3,31,14,6,10
1395,24,No,Research & Development,1,2,Life Sciences,1,3,Male,83,3,3,Research Scientist,1,Single,8556,23017,2,Y,Yes,15,3,2,8,2,22,3,3,23,5,6,4
1396,53,No,Sales,11,2,Life Sciences,1,4,Female,37,1,4,Manufacturing Director,3,Divorced,1036,9900,6,Y,Yes,15,3,1,8,1,6,1,3,10,10,15,3
1397,62,Yes,Research & Development,8,4,Medical,1,4,Female,58,2,3,Laboratory Technician,1,Divorced,16517,2921,5,Y,No,18,3,1,8,3,16,4,2,10,1,1,1
1398,37,No,Human Resources,10,4,Other,1,4,Female,70,3,3,Human Resources,1,Divorced,7432,21995,6,Y,Yes,21,4,1,8,1,36,0,1,16,8,14,15
1399,18,No,Sales,19,4,Human Resources,1,3,Male,59,1,3,Reseach Director,2,Married,13462,15652,6,Y,Yes,21,3,2,8,3,6,3,4,31,10,11,6
1400,25,No,Human Resources,11,3,Technical Degree,1,2,Male,50,3,4,Laboratory Technician,4,Married,18566,26484,4,Y,Yes,23,3,1,8,1,29,4,3,18,15,15,7
1401,63,No,Human Resources,7,4,Technical Degree,1,1,Male,40,3,4,Sales Representative,1,Married,17731,13612,8,Y,Yes,12,4,3,8,1,12,6,2,26,12,9,7
1402,33,No,Sales,11,1,Technical Degree,1,3,Female,31,3,3,Human Resources,4,Divorced,10269,13632,6,Y,No,23,3,2,8,0,17,0,1,31,12,15,1
1403,31,No,Sales,17,2,Life Sciences,1,4,Female,79,2,1,Reseach Director,2,Divorced,16870,24385,6,Y,No,17,4,1,8,2,30,6,1,24,17,15,14
1404,29,No,Human Resources,1,4,Technical Degree,1,1,Male,70,3,1,Manager,2,Divorced,18234,12769,2,Y,No,19,4,1,8,1,21,3,1,27,0,2,4
1405,40,No,Human Resources,26,4,Human Resources,1,2,Male,95,1,1,Manufacturing Director,2,Divorced,13485,14895,0,Y,No,17,3,2,8,3,13,4,2,39,9,2,9
1406,32,Yes,Human Resources,19,3,Human Resources,1,1,Male,32,3,2,Healthcare Representative,2,Single,13947,15980,4,Y,Yes,22,4,1,8,2,17,0,2,26,18,11,8
1407,45,No,Human Resources,21,3,Medical,1,4,Female,80,3,1,Sales Representative,4,Single,17686,15326,7,Y,Yes,15,4,2,8,0,34,4,2,13,16,12,7
1408,51,Yes,Sales,22,2,Life Sciences,1,3,Male,97,1,4,Laboratory Technician,3,Married,11058,3317,4,Y,Yes,23,3,3,8,2,16,0,2,38,0,5,4
1409,19,No,Sales,8,1,Human Resources,1,3,Female,54,1,1,Research Scientist,3,Married,19040,7866,2,Y,No,16,4,1,8,1,18,1,2,1,0,3,12
1410,49,No,Human Resources,23,2,Other,1,4,Male,59,2,4,Laboratory Technician,4,Divorced,6623,15135,8,Y,No,14,4,1,8,3,30,1,3,16,16,3,13
1411,40,Yes,Research & Development,22,4,Life Sciences,1,3,Female,40,2,2,Reseach Director,1,Single,12692,18255,1,Y,No,24,3,3,8,3,38,3,3,0,14,0,7
1412,39,Yes,Research & Development,21,1,Life Sciences,1,4,Female,46,2,4,Sales Representative,1,Single,12696,4936,2,Y,No,22,3,1,8,2,35,0,2,31,1,5,15
1413,42,No,Sales,22,1,Human Resources,1,3,Male,55,2,4,Sales Executive,1,Married,4810,9439,3,Y,Yes,17,3,1,8,3,14,1,2,18,10,7,4
1414,39,No,Human Resources,18,1,Other,1,3,Female,52,1,4,Reseach Director,1,Single,9289,21209,0,Y,Yes,11,3,2,8,1,28,3,3,13,1,7,0
1415,39,No,Human Resources,6,1,Medical,1,3,Male,85,3,1,Human Resources,3,Married,8385,22896,3,Y,Yes,14,3,1,8,3,39,2,3,30,8,14,16
1416,59,No,Sales,5,2,Human Resources,1,2,Female,81,3,3,Laboratory Technician,2,Divorced,11157,6088,3,Y,No,13,4,3,8,3,15,1,4,17,18,7,9
1417,23,Yes,Research & Development,13,3,Other,1,2,Female,77,3,4,Laboratory Technician,3,Divorced,15069,11782,8,Y,No,23,4,1,8,3,32,1,2,13,1,4,4
1418,32,Yes,Research & Development,22,3,Life Sciences,1,4,Male,49,2,1,Sales Representative,3,Married,18292,3780,7,Y,No,14,4,2,8,1,24,5,1,13,15,15,6
1419,60,No,Research & Development,22,4,Other,1,2,Female,31,1,1,Manufacturing Director,4,Divorced,2753,16379,1,Y,No,11,4,3,8,0,15,4,4,23,8,9,15
1420,54,No,Sales,8,3,Life Sciences,1,4,Male,60,1,1,Sales Representative,4,Divorced,19646,20923,6,Y,No,22,4,3,8,3,29,2,1,4,3,5,2
1421,50,Yes,Research & Development,9,3,Human Resources,1,1,Male,56,1,3,Healthcare Representative,2,Single,12862,19343,5,Y,No,23,3,3,8,0,33,0,4,15,12,4,11
1422,25,No,Sales,17,3,Human Resources,1,1,Male,31,3,3,Laboratory Technician,4,Single,15672,14596,6,Y,Yes,12,3,3,8,2,1,3,2,4,14,3,13
1423,61,No,Sales,3,3,Technical Degree,1,2,Female,33,2,3,Manufacturing Director,1,Single,2642,9044,3,Y,No,22,3,2,8,2,39,2,1,12,1,11,0
1424,61,No,Human Resources,19,4,Technical Degree,1,1,Female,42,1,3,Manufacturing Director,1,Single,9158,13808,4,Y,No,21,3,2,8,1,37,0,3,15,17,3,6
1425,22,No,Research & Development,11,2,Technical Degree,1,1,Female,64,2,2,Sales Representative,2,Single,15680,17855,5,Y,No,23,4,2,8,1,17,1,4,14,8,3,17
1426,56,No,Sales,24,1,Human Resources,1,3,Male,95,1,3,Manager,2,Married,5710,8176,8,Y,Yes,19,3,2,8,1,4,6,1,30,0,3,3
1427,21,No,Research & Development,17,3,Medical,1,3,Male,35,2,3,Reseach Director,3,Married,14358,15311,1,Y,Yes,25,3,1,8,1,39,5,4,4,2,13,15
1428,23,No,Research & Development,21,2,Human Resources,1,4,Female,60,1,3,Human Resources,2,Single,2022,12296,8,Y,No,17,4,2,8,0,5,6,2,20,16,14,10
1429,62,Yes,Human Resources,19,3,Other,1,1,Female,39,2,4,Manager,1,Divorced,17288,26907,0,Y,Yes,23,4,1,8,1,11,3,2,29,10,5,17
1430,49,Yes,Research & Development,25,3,Human Resources,1,4,Male,50,1,4,Laboratory Technician,4,Divorced,4308,18189,3,Y,Yes,16,3,3,8,0,11,3,1,22,7,14,15
1431,47,No,Human Resources,8,1,Human Resources,1,4,Female,52,1,3,Laboratory Technician,2,Married,2515,23781,4,Y,Yes,12,4,1,8,3,11,2,1,37,11,5,6
1432,64,No,Sales,19,1,Life Sciences,1,1,Male,32,2,2,Laboratory Technician,2,Married,5812,26715,8,Y,No,11,4,1,8,3,8,4,4,28,10,4,2
1433,52,No,Research & Development,7,1,Life Sciences,1,2,Female,61,2,4,Research Scientist,2,Married,18370,6141,5,Y,Yes,12,3,1,8,2,21,0,3,12,12,11,4
1434,57,No,Sales,28,3,Life Sciences,1,1,Male,49,3,1,Sales Executive,2,Divorced,19210,5549,3,Y,Yes,17,4,2,8,2,15,5,3,31,14,10,17
1435,33,No,Research & Development,27,3,Human Resources,1,3,Female,58,2,4,Sales Executive,1,Married,15769,21704,1,Y,Yes,12,3,2,8,0,3,5,3,26,16,13,16
1436,30,Yes,Sales,18,3,Medical,1,1,Female,81,1,1,Manufacturing Director,1,Divorced,11835,19724,4,Y,No,13,4,3,8,1,2,6,1,33,11,10,0
1437,59,No,Research & Development,6,1,Other,1,2,Male,75,1,4,Laboratory Technician,3,Married,14830,19643,7,Y,Yes,18,4,2,8,2,15,2,1,32,18,15,15
1438,47,No,Research & Development,19,4,Other,1,4,Male,63,2,3,Healthcare Representative,4,Divorced,14016,5582,7,Y,No,17,4,1,8,0,13,4,3,3,10,8,14
1439,36,No,Research & Development,24,2,Medical,1,4,Male,90,3,4,Human Resources,3,Married,16795,17562,5,Y,Yes,22,4,2,8,2,40,4,3,17,9,7,12
1440,34,No,Research & Development,6,4,Medical,1,3,Female,99,2,3,Sales Representative,3,Married,10149,18281,0,Y,No,21,3,2,8,1,37,4,1,5,16,9,6
1441,36,No,Research & Development,28,3,Other,1,3,Male,40,1,3,Human Resources,2,Divorced,7807,15254,7,Y,No,21,4,1,8,0,3,3,2,27,12,5,2
1442,45,No,Research & Development,2,3,Technical Degree,1,3,Male,92,1,4,Healthcare Representative,4,Married,17866,20373,3,Y,No,24,3,3,8,2,1,0,4,26,15,10,12
1443,43,No,Research & Development,6,4,Life Sciences,1,4,Female,50,3,1,Sales Representative,2,Single,1576,13820,1,Y,No,21,3,2,8,1,9,0,4,25,16,8,15
1444,54,No,Research & Development,23,3,Life Sciences,1,3,Male,32,2,1,Manufacturing Director,1,Divorced,12633,20655,0,Y,No,19,4,3,8,0,10,6,4,19,4,4,0
1445,43,No,Research & Development,5,2,Other,1,1,Male,39,1,4,Healthcare Representative,3,Married,13224,15004,6,Y,Yes,22,4,1,8,0,38,2,1,12,8,9,0
1446,40,No,Sales,19,3,Medical,1,4,Male,56,1,3,Laboratory Technician,4,Divorced,8975,8047,1,Y,Yes,14,3,2,8,0,25,1,2,27,3,14,15
1447,26,No,Human Resources,20,2,Technical Degree,1,2,Female,41,1,1,Healthcare Representative,1,Married,19651,12254,3,Y,Yes,17,4,3,8,3,36,2,1,33,8,15,1
1448,29,No,Research & Development,4,4,Other,1,4,Female,36,2,2,Laboratory Technician,3,Single,9129,4812,3,Y,No,11,4,3,8,0,25,0,4,22,15,3,17
1449,18,Yes,Human Resources,22,4,Life Sciences,1,1,Female,46,2,3,Healthcare Representative,2,Married,17288,12665,0,Y,No,21,3,1,8,2,3,6,3,9,6,13,17
1450,18,No,Research & Development,26,3,Human Resources,1,1,Male,94,3,4,Healthcare Representative,3,Married,12345,20419,1,Y,No,21,4,2,8,0,25,3,3,29,13,5,4
1451,64,No,Research & Development,17,2,Medical,1,3,Female,93,1,3,Manager,4,Single,5319,13430,0,Y,Yes,12,3,3,8,0,37,2,3,21,13,3,4
1452,51,No,Sales,11,3,Human Resources,1,4,Male,55,1,2,Human Resources,3,Divorced,14196,24388,5,Y,No,17,4,3,8,0,27,6,4,4,6,7,7
1453,49,No,Sales,4,1,Other,1,4,Male,44,3,2,Sales Executive,2,Married,15098,13767,2,Y,No,25,4,3,8,0,1,1,2,8,15,15,8
1454,65,No,Human Resources,26,1,Life Sciences,1,4,Male,62,1,1,Manager,3,Married,2991,26162,0,Y,No,12,4,3,8,0,1,5,4,3,17,6,13
1455,42,No,Sales,13,1,Technical Degree,1,2,Female,91,3,2,Sales Executive,3,Single,2105,22172,7,Y,No,16,4,3,8,3,15,2,1,0,5,4,12
1456,57,No,Sales,20,1,Human Resources,1,3,Female,76,3,3,Manager,4,Divorced,14591,16463,3,Y,Yes,23,4,3,8,1,22,6,2,33,6,9,17
1457,62,Yes,Human Resources,29,3,Technical Degree,1,1,Male,64,1,1,Research Scientist,4,Divorced,7506,21301,6,Y,No,20,4,3,8,3,22,4,3,40,18,5,3
1458,18,No,Sales,17,1,Life Sciences,1,1,Male,94,2,2,Sales Representative,2,Single,14554,16028,1,Y,No,22,3,3,8,2,12,1,2,25,7,10,17
1459,33,No,Research & Development,9,2,Human Resources,1,3,Female,54,2,1,Laboratory Technician,4,Single,12591,12111,5,Y,No,19,3,3,8,1,20,4,2,17,0,15,14
1460,56,Yes,Human Resources,4,4,Technical Degree,1,1,Female,86,2,1,Manager,3,Married,16387,10506,5,Y,No,21,4,3,8,2,38,3,4,15,16,6,6
1461,22,No,Human Resources,23,4,Technical Degree,1,1,Female,61,2,4,Manager,4,Single,11873,3838,6,Y,Yes,15,4,2,8,0,24,0,2,22,18,15,12
1462,39,No,Research & Development,28,1,Human Resources,1,3,Male,92,1,1,Manufacturing Director,4,Single,19812,19005,0,Y,No,20,3,1,8,2,36,2,4,35,6,1,1
1463,46,No,Sales,14,1,Life Sciences,1,1,Female,41,3,1,Healthcare Representative,4,Single,5288,24860,0,Y,Yes,17,3,1,8,3,12,6,1,25,17,8,8
1464,20,No,Human Resources,19,1,Technical Degree,1,4,Female,92,3,2,Research Scientist,2,Divorced,18066,10417,1,Y,Yes,23,3,1,8,3,14,2,2,1,5,6,4
1465,29,No,Human Resources,26,3,Other,1,2,Female,30,1,3,Sales Representative,2,Single,8321,14087,1,Y,No,11,4,3,8,0,27,4,2,4,5,7,0
1466,43,No,Research & Development,28,4,Human Resources,1,3,Male,80,2,3,Reseach Director,1,Married,16449,6578,4,Y,No,18,4,1,8,0,2,4,2,28,0,13,12
1467,33,No,Research & Development,3,1,Medical,1,2,Female,99,3,2,Manager,2,Married,3378,18577,0,Y,Yes,19,4,3,8,1,22,0,3,3,9,4,5
1468,54,No,Sales,14,2,Medical,1,1,Male,37,1,3,Reseach Director,2,Married,17201,16420,1,Y,No,25,3,2,8,3,3,6,4,34,7,14,9
1469,39,No,Human Resources,8,1,Life Sciences,1,1,Male,97,1,1,Sales Executive,2,Single,18459,22199,5,Y,No,23,3,1,8,3,2,2,4,21,6,2,10
1470,46,No,Sales,24,4,Other,1,4,Male,34,2,4,Healthcare Representative,3,Divorced,6441,21204,2,Y,Yes,15,4,2,8,1,38,6,3,7,8,1,15
1471,31,No,Sales,27,1,Technical Degree,1,3,Female,68,1,1,Reseach Director,1,Single,1696,21021,3,Y,Yes,16,3,2,8,3,7,0,4,20,0,14,0
1472,45,No,Research & Development,28,4,Medical,1,1,Female,52,3,1,Sales Executive,3,Single,14184,21034,0,Y,Yes,23,4,3,8,1,24,4,1,7,10,1,4
1473,22,No,Human Resources,1,1,Life Sciences,1,3,Female,97,3,4,Research Scientist,2,Married,1077,25322,4,Y,Yes,21,4,1,8,3,40,5,3,4,2,2,5
1474,64,No,Human Resources,10,2,Other,1,3,Male,81,1,2,Human Resources,2,Single,11304,13325,3,Y,Yes,18,3,2,8,2,11,6,4,20,17,0,5
1475,47,No,Human Resources,18,1,Other,1,3,Female,33,3,1,Laboratory Technician,1,Divorced,7783,19424,7,Y,Yes,14,4,1,8,2,4,4,1,26,5,0,4
1476,63,Yes,Research & Development,25,2,Life Sciences,1,3,Male,76,1,1,Manager,1,Married,17812,11852,2,Y,No,12,3,2,8,1,32,1,1,37,10,6,5
1477,22,No,Research & Development,8,2,Life Sciences,1,3,Female,50,3,2,Reseach Director,4,Divorced,13199,17794,0,Y,No,25,3,2,8,1,24,4,3,4,4,9,12
1478,29,Yes,Research & Development,1,1,Technical Degree,1,2,Female,85,2,1,Human Resources,2,Divorced,11798,23412,4,Y,No,20,4,3,8,0,24,4,4,20,3,11,0
1479,33,No,Research & Development,12,2,Life Sciences,1,4,Female,95,3,1,Healthcare Representative,2,Divorced,7900,20529,0,Y,No,18,4,1,8,3,34,6,1,7,7,10,0
1480,43,No,Research & Development,8,3,Technical Degree,1,3,Female,88,2,3,Manufacturing Director,3,Single,11325,2285,4,Y,No,12,3,3,8,2,14,5,1,21,9,7,13
1481,43,No,Human Resources,24,1,Technical Degree,1,2,Male,36,2,2,Research Scientist,4,Single,1448,25780,8,Y,No,15,4,3,8,0,25,0,1,17,2,5,7
1482,65,No,Sales,16,1,Human Resources,1,1,Male,78,1,1,Laboratory Technician,2,Single,18601,21435,4,Y,No,25,3,3,8,3,9,1,4,3,12,15,8
1483,38,No,Human Resources,18,2,Other,1,3,Male,45,2,1,Healthcare Representative,3,Single,19956,26650,1,Y,No,23,4,3,8,2,23,1,3,3,16,6,9
1484,56,No,Sales,4,2,Other,1,1,Male,46,3,4,Research Scientist,1,Married,8475,13704,1,Y,No,16,3,3,8,3,34,2,4,36,4,0,5
1485,53,No,Research & Development,6,1,Other,1,3,Female,63,3,4,Manufacturing Director,3,Single,18646,21399,8,Y,Yes,15,3,2,8,1,28,5,2,14,7,13,8
1486,50,No,Sales,12,3,Human Resources,1,2,Male,62,2,4,Sales Executive,2,Married,4218,21715,4,Y,Yes,16,4,1,8,2,37,3,3,37,18,0,17
1487,47,No,Human Resources,27,2,Technical Degree,1,2,Male,55,1,1,Manufacturing Director,3,Divorced,4558,22341,7,Y,No,16,4,1,8,2,4,2,2,26,17,8,14
1488,54,Yes,Human Resources,28,2,Technical Degree,1,2,Male,95,2,1,Reseach Director,3,Married,18007,10321,3,Y,No,13,3,3,8,0,23,2,4,20,0,4,3
1489,40,No,Sales,15,4,Life Sciences,1,4,Female,92,3,4,Laboratory Technician,4,Single,4087,6658,1,Y,Yes,21,3,1,8,3,18,2,3,3,3,6,1
1490,27,No,Research & Development,16,3,Human Resources,1,1,Male,70,3,3,Sales Representative,4,Married,4499,8687,3,Y,Yes,21,3,2,8,1,8,1,2,10,17,5,5
1491,22,No,Research & Development,24,3,Life Sciences,1,4,Male,87,2,3,Manager,1,Single,4552,7701,3,Y,Yes,13,3,3,8,1,25,0,4,18,13,3,16
1492,53,No,Human Resources,12,1,Human Resources,1,3,Female,39,2,3,Manager,4,Single,19293,21689,8,Y,No,19,4,2,8,3,24,6,3,18,10,0,6
1493,51,No,Sales,24,3,Life Sciences,1,1,Female,44,2,3,Sales Executive,3,Married,7760,7200,5,Y,Yes,13,4,2,8,3,34,4,1,26,8,3,14
1494,48,No,Research & Development,23,1,Medical,1,2,Male,71,3,2,Healthcare Representative,4,Married,15915,3875,5,Y,Yes,13,4,3,8,1,35,1,1,39,12,9,1
1495,27,No,Research & Development,14,4,Other,1,1,Male,86,3,4,Laboratory Technician,2,Divorced,19105,12250,4,Y,Yes,21,3,2,8,3,13,4,1,27,16,9,11
1496,36,No,Human Resources,13,3,Other,1,2,Female,46,3,1,Sales Executive,3,Divorced,15434,26770,5,Y,No,24,4,3,8,0,5,4,2,4,14,15,9
1497,49,Yes,Research & Development,25,2,Technical Degree,1,4,Male,89,1,4,Sales Representative,3,Divorced,19722,24306,0,Y,Yes,12,3,2,8,3,31,3,2,24,1,7,16
1498,18,No,Sales,2,4,Medical,1,4,Female,38,3,3,Reseach Director,3,Divorced,12820,7923,4,Y,No,17,3,1,8,0,25,6,4,2,5,12,17
1499,22,No,Human Resources,3,1,Other,1,2,Male,65,3,1,Reseach Director,2,Divorced,18587,2133,5,Y,Yes,20,4,1,8,0,14,2,1,25,6,15,15
1500,62,No,Human Resources,26,4,Technical Degree,1,2,Male,65,1,2,Manufacturing Director,3,Married,7790,13278,7,Y,Yes,20,4,1,8,3,30,3,2,9,1,11,9
1501,21,No,Sales,24,1,Medical,1,3,Male,77,1,4,Manager,4,Divorced,18771,24685,3,Y,No,14,3,3,8,2,36,2,1,23,12,10,7
1502,33,No,Human Resources,22,4,Other,1,4,Male,80,1,1,Human Resources,2,Married,16572,13653,4,Y,Yes,11,3,2,8,2,37,1,4,28,9,12,12
1503,41,No,Research & Development,10,1,Life Sciences,1,4,Male,99,1,1,Laboratory Technician,3,Divorced,15806,19537,3,Y,Yes,16,4,2,8,0,36,4,3,6,15,0,15
1504,33,No,Research & Development,9,3,Human Resources,1,3,Female,97,1,3,Human Resources,4,Single,18142,11960,6,Y,Yes,15,3,1,8,3,18,3,2,22,8,1,7
1505,19,No,Sales,26,2,Medical,1,4,Female,51,1,3,Manufacturing Director,4,Divorced,1309,5781,5,Y,No,24,4,1,8,0,13,5,2,26,7,7,11
1506,45,No,Research & Development,20,1,Technical Degree,1,2,Male,35,2,4,Healthcare Representative,1,Single,5704,9687,3,Y,No,21,4,3,8,3,35,1,3,8,14,14,16
1507,49,No,Sales,8,4,Medical,1,1,Male,55,2,2,Reseach Director,4,Married,13183,25283,5,Y,No,12,3,3,8,3,36,1,2,2,6,1,15
1508,44,Yes,Sales,25,1,Technical Degree,1,1,Male,32,2,1,Manager,1,Divorced,17231,16779,3,Y,Yes,16,3,2,8,1,10,5,1,12,18,10,8
1509,37,No,Research & Development,19,1,Medical,1,4,Female,81,2,3,Sales Representative,1,Married,17670,22473,7,Y,No,11,3,3,8,2,26,2,2,5,3,12,16
1510,41,Yes,Sales,22,1,Technical Degree,1,3,Female,89,3,4,Sales Representative,1,Divorced,11759,2417,2,Y,Yes,13,3,3,8,2,1,4,2,37,8,11,7
1511,29,No,Research & Development,24,4,Other,1,2,Female,92,1,3,Sales Representative,2,Married,8316,25681,7,Y,Yes,14,3,3,8,1,21,2,3,20,18,14,11
1512,52,No,Human Resources,5,2,Life Sciences,1,1,Female,94,3,4,Laboratory Technician,4,Divorced,19554,3212,1,Y,Yes,23,4,1,8,1,1,2,4,18,1,9,8
1513,50,No,Human Resources,3,3,Other,1,2,Female,81,1,3,Manager,2,Divorced,14827,18583,5,Y,Yes,13,4,1,8,1,19,1,1,24,6,8,5
1514,50,No,Sales,26,2,Life Sciences,1,4,Female,43,1,2,Reseach Director,2,Single,2398,12962,7,Y,Yes,25,4,2,8,0,16,2,1,38,18,2,9
1515,60,Yes,Research & Development,25,1,Other,1,4,Female,97,3,1,Human Resources,3,Married,9891,8386,0,Y,Yes,23,4,3,8,0,3,0,3,3,5,2,8
1516,54,No,Research & Development,16,4,Other,1,1,Female,57,2,3,Manufacturing Director,2,Married,11049,7285,5,Y,Yes,16,3,1,8,0,13,5,4,21,14,5,3
1517,29,No,Human Resources,17,2,Medical,1,4,Male,39,3,1,Healthcare Representative,2,Married,7150,25700,8,Y,Yes,21,4,3,8,0,6,6,3,4,6,2,10
1518,20,Yes,Human Resources,24,1,Human Resources,1,3,Female,86,3,4,Sales Representative,2,Married,14119,17305,1,Y,No,14,3,2,8,0,14,5,1,0,5,8,5
1519,18,No,Research & Development,3,3,Technical Degree,1,4,Female,95,1,2,Sales Executive,2,Married,6978,17703,0,Y,No,24,3,3,8,2,29,4,1,16,0,10,17
1520,50,No,Sales,12,3,Technical Degree,1,4,Female,79,1,1,Manager,1,Single,14171,16322,1,Y,Yes,11,3,2,8,2,15,5,4,8,13,7,3
1521,57,No,Human Resources,9,3,Technical Degree,1,4,Female,43,1,3,Manufacturing Director,4,Divorced,10140,20515,4,Y,No,15,3,2,8,3,39,2,4,8,0,3,11
1522,27,No,Sales,21,1,Life Sciences,1,2,Male,45,2,1,Healthcare Representative,3,Single,6046,19279,5,Y,No,15,3,1,8,2,1,2,3,23,5,5,8
1523,60,No,Sales,12,4,Technical Degree,1,2,Female,83,3,1,Healthcare Representative,1,Married,15702,12132,0,Y,No,19,4,3,8,1,18,3,1,9,17,7,14
1524,61,No,Human Resources,26,2,Technical Degree,1,1,Male,72,3,4,Research Scientist,3,Married,3460,2858,6,Y,Yes,18,3,1,8,2,0,4,4,19,16,3,8
1525,46,No,Sales,15,3,Medical,1,1,Male,71,2,2,Sales Representative,3,Divorced,1033,15788,3,Y,No,25,3,3,8,1,30,4,3,16,1,14,5
1526,30,No,Sales,2,1,Other,1,1,Male,51,3,2,Research Scientist,1,Single,6971,5619,8,Y,Yes,18,4,3,8,2,3,5,2,12,7,12,10
1527,29,No,Research & Development,23,1,Technical Degree,1,4,Female,97,3,1,Manufacturing Director,2,Divorced,3565,20782,5,Y,No,15,4,2,8,0,26,2,1,28,1,4,6
1528,48,No,Sales,18,2,Human Resources,1,2,Female,48,1,1,Healthcare Representative,1,Divorced,17453,13113,8,Y,No,18,4,2,8,2,24,0,4,35,15,6,13
1529,63,No,Research & Development,20,3,Technical Degree,1,3,Female,95,2,4,Sales Executive,3,Single,8684,19964,0,Y,No,24,3,3,8,3,21,3,4,22,3,7,15
1530,19,Yes,Human Resources,25,1,Life Sciences,1,4,Male,68,1,1,Manager,2,Divorced,17515,6221,3,Y,Yes,20,3,1,8,0,9,0,4,26,1,6,14
1531,52,No,Human Resources,23,2,Life Sciences,1,4,Male,48,2,4,Research Scientist,2,Single,6625,13850,1,Y,Yes,17,3,2,8,0,32,2,1,17,4,7,8
1532,40,No,Research & Development,4,4,Life Sciences,1,4,Male,45,1,2,Healthcare Representative,1,Single,11303,20849,5,Y,Yes,11,3,2,8,3,29,4,3,17,16,15,11
1533,34,No,Human Resources,23,4,Technical Degree,1,3,Male,83,3,2,Manager,4,Married,18579,21785,3,Y,Yes,22,4,3,8,2,29,4,2,8,1,3,10
1534,43,No,Sales,16,4,Medical,1,1,Female,54,2,4,Sales Representative,3,Divorced,15019,25310,8,Y,Yes,17,4,3,8,2,15,6,4,2,13,0,7
1535,25,No,Sales,23,3,Human Resources,1,3,Female,47,2,1,Human Resources,1,Married,14403,16404,2,Y,Yes,21,4,2,8,3,8,0,1,6,6,5,2
1536,46,Yes,Sales,16,2,Technical Degree,1,1,Female,52,1,2,Manager,1,Divorced,10931,24211,0,Y,Yes,18,4,1,8,0,16,6,2,14,14,4,2
1537,43,No,Human Resources,1,2,Medical,1,3,Male,40,2,3,Healthcare Representative,2,Divorced,5098,13896,0,Y,Yes,13,4,2,8,3,34,6,3,29,17,15,2
1538,27,No,Sales,22,1,Medical,1,2,Male,68,3,4,Manufacturing Director,4,Married,15457,23310,8,Y,Yes,19,4,3,8,1,14,1,2,8,12,10,5
1539,43,No,Human Resources,25,1,Technical Degree,1,4,Female,97,3,2,Research Scientist,3,Married,3481,15869,8,Y,No,18,3,2,8,1,27,2,4,40,11,14,10
1540,51,No,Sales,2,1,Technical Degree,1,4,Female,54,3,2,Research Scientist,4,Married,11478,13075,4,Y,No,12,3,3,8,2,19,4,1,26,1,3,13
1541,58,No,Research & Development,3,2,Medical,1,4,Male,92,1,2,Reseach Director,4,Single,8459,9082,1,Y,Yes,16,4,2,8,0,32,5,3,35,11,1,1
1542,24,No,Human Resources,26,1,Medical,1,1,Female,59,2,3,Healthcare Representative,4,Divorced,3973,6075,8,Y,No,14,4,3,8,1,32,1,2,17,5,0,11
1543,21,Yes,Human Resources,16,2,Medical,1,3,Female,74,1,3,Reseach Director,2,Single,9113,5860,7,Y,No,13,4,3,8,3,35,4,1,30,0,8,15
1544,62,No,Sales,25,2,Technical Degree,1,2,Male,90,3,3,Sales Executive,2,Divorced,18703,3596,5,Y,Yes,21,4,1,8,2,12,5,4,16,0,11,2
1545,28,No,Human Resources,20,4,Medical,1,3,Male,80,2,1,Sales Executive,3,Divorced,3221,25269,6,Y,Yes,16,3,3,8,2,3,4,1,5,14,15,15
1546,46,No,Human Resources,17,1,Life Sciences,1,4,Male,38,3,4,Healthcare Representative,4,Single,10463,4542,5,Y,No,20,3,2,8,0,22,1,2,38,15,1,9
1547,53,No,Research & Development,20,4,Technical Degree,1,2,Female,31,2,1,Research Scientist,3,Single,7801,13328,4,Y,Yes,23,3,3,8,1,7,0,3,24,6,8,4
1548,42,No,Research & Development,22,3,Life Sciences,1,2,Male,34,2,3,Sales Representative,2,Divorced,10563,20509,3,Y,No,25,4,2,8,2,12,2,3,37,13,5,12
1549,38,No,Sales,21,3,Other,1,4,Female,91,1,4,Laboratory Technician,2,Married,9712,10094,6,Y,Yes,19,4,1,8,3,23,6,4,37,18,12,11
1550,53,No,Research & Development,29,3,Technical Degree,1,3,Female,98,2,1,Sales Executive,1,Married,14228,11983,3,Y,No,12,4,2,8,1,39,1,4,30,18,5,0
1551,27,No,Sales,1,2,Other,1,4,Male,81,3,1,Research Scientist,1,Married,16408,8111,8,Y,Yes,20,3,1,8,2,29,1,4,28,12,1,10
1552,54,No,Sales,20,2,Medical,1,3,Female,34,2,1,Reseach Director,3,Married,19238,15990,4,Y,No,20,3,1,8,2,29,6,4,39,11,5,14
1553,26,No,Sales,6,2,Medical,1,2,Male,88,3,3,Manager,1,Divorced,8669,12564,7,Y,No,20,3,3,8,1,24,4,2,8,0,2,17
1554,41,No,Human Resources,29,1,Human Resources,1,2,Male,97,1,2,Sales Representative,4,Married,2711,17356,5,Y,No,15,4,1,8,1,32,5,4,0,11,14,15
1555,52,No,Research & Development,15,4,Medical,1,4,Female,38,3,4,Reseach Director,3,Married,17783,19783,3,Y,No,16,3,2,8,0,8,6,1,15,3,6,6
1556,52,No,Sales,26,2,Other,1,2,Female,51,2,3,Sales Representative,2,Married,18047,12811,2,Y,Yes,14,3,1,8,3,25,1,2,37,14,12,9
1557,65,No,Research & Development,26,4,Medical,1,1,Male,56,3,4,Laboratory Technician,2,Divorced,5280,3067,5,Y,No,17,4,1,8,0,23,2,2,22,15,9,15
1558,53,No,Sales,14,4,Technical Degree,1,2,Male,39,3,3,Manager,4,Single,9964,12340,0,Y,Yes,12,3,3,8,0,32,6,4,7,14,3,16
1559,35,No,Research & Development,20,4,Medical,1,1,Male,90,2,1,Reseach Director,1,Married,12468,15094,1,Y,No,17,4,2,8,3,38,6,2,11,7,15,6
1560,56,No,Research & Development,15,1,Human Resources,1,2,Male,80,3,1,Sales Executive,3,Divorced,7683,16305,6,Y,Yes,12,4,1,8,3,24,0,1,9,18,8,10
1561,49,No,Sales,14,1,Medical,1,4,Male,39,2,2,Sales Executive,3,Divorced,18478,12710,3,Y,No,11,4,3,8,0,14,5,2,15,14,4,16
1562,41,Yes,Human Resources,25,3,Other,1,4,Male,35,1,2,Reseach Director,4,Married,6455,12712,4,Y,Yes,21,3,3,8,1,40,0,1,23,17,11,4
1563,40,No,Research & Development,21,3,Other,1,1,Female,91,3,4,Laboratory Technician,1,Single,2972,23415,0,Y,No,15,3,2,8,3,40,0,1,38,10,9,0
1564,49,No,Human Resources,24,4,Medical,1,4,Female,34,1,2,Laboratory Technician,3,Single,10986,5825,1,Y,No,12,4,3,8,0,5,2,1,7,8,2,2
1565,54,No,Human Resources,25,3,Other,1,2,Female,99,3,2,Healthcare Representative,4,Single,11475,10643,3,Y,Yes,18,3,1,8,1,19,4,2,10,0,0,15
1566,29,No,Sales,26,4,Other,1,2,Female,92,3,4,Manager,3,Divorced,6186,4315,7,Y,No,22,4,3,8,2,15,5,3,40,8,0,14
1567,30,No,Sales,5,1,Human Resources,1,4,Male,85,1,3,Research Scientist,2,Married,12169,18960,3,Y,No,22,3,2,8,1,20,5,2,25,11,12,3
1568,40,No,Sales,6,1,Technical Degree,1,2,Female,88,3,2,Laboratory Technician,3,Married,5581,3520,2,Y,No,22,4,2,8,0,14,6,1,6,1,3,11
1569,42,No,Research & Development,17,1,Human Resources,1,3,Female,92,3,3,Manager,3,Divorced,8552,4172,2,Y,No,18,4,3,8,3,38,2,1,14,10,14,0
1570,52,Yes,Sales,11,2,Life Sciences,1,3,Male,88,1,1,Laboratory Technician,2,Married,9916,15868,4,Y,Yes,11,3,1,8,1,3,5,1,14,13,9,16
1571,58,Yes,Sales,16,4,Human Resources,1,2,Female,80,3,2,Healthcare Representative,1,Married,17635,2787,2,Y,No,14,4,3,8,1,23,1,1,2,1,9,14
1572,47,No,Research & Development,12,1,Medical,1,4,Male,79,2,1,Human Resources,1,Single,7519,24776,7,Y,Yes,24,4,2,8,1,2,3,1,15,14,3,9
1573,34,No,Research & Development,15,4,Technical Degree,1,1,Male,33,3,1,Laboratory Technician,4,Married,18230,23136,4,Y,Yes,19,4,3,8,3,0,6,4,14,17,8,10
1574,37,No,Sales,23,3,Medical,1,4,Male,77,3,3,Manager,1,Married,4332,2293,6,Y,Yes,15,4,3,8,3,29,3,4,24,13,7,17
1575,65,No,Sales,4,3,Life Sciences,1,1,Male,61,3,4,Healthcare Representative,3,Divorced,10546,14141,7,Y,Yes,22,4,1,8,1,12,3,3,32,11,3,1
1576,42,No,Sales,27,1,Technical Degree,1,4,Male,80,1,2,Healthcare Representative,3,Divorced,11624,17720,4,Y,No,21,3,3,8,1,17,0,1,13,9,5,5
1577,39,No,Sales,18,4,Other,1,2,Female,81,2,3,Manager,1,Single,2441,10357,7,Y,No,20,3,1,8,0,39,5,1,23,13,6,15
1578,30,No,Human Resources,21,1,Human Resources,1,3,Female,63,2,4,Manager,1,Divorced,8664,26763,2,Y,Yes,23,4,3,8,3,10,6,4,10,14,9,6
1579,36,No,Human Resources,28,3,Medical,1,4,Female,65,3,1,Sales Executive,3,Single,9440,14552,6,Y,No,16,3,3,8,1,28,2,4,2,4,7,11
1580,53,Yes,Sales,22,1,Life Sciences,1,1,Male,99,1,2,Human Resources,2,Single,9339,5569,7,Y,No,13,4,1,8,3,3,5,2,8,1,3,17
1581,29,No,Human Resources,22,4,Other,1,3,Female,72,1,1,Healthcare Representative,2,Married,12394,4294,6,Y,Yes,15,4,1,8,3,24,2,3,5,5,0,9
1582,58,No,Research & Development,8,3,Human Resources,1,1,Female,45,2,1,Sales Executive,4,Single,9620,17634,1,Y,Yes,24,4,2,8,3,35,5,2,30,11,4,6
1583,36,No,Human Resources,23,2,Other,1,2,Female,88,1,2,Sales Representative,1,Married,14881,25966,7,Y,Yes,22,4,1,8,0,35,6,3,15,1,15,3
1584,29,No,Human Resources,3,3,Human Resources,1,3,Female,82,3,4,Reseach Director,4,Single,17696,16716,5,Y,No,23,4,3,8,2,39,6,1,10,3,13,16
1585,26,No,Sales,8,2,Technical Degree,1,1,Male,48,3,4,Reseach Director,3,Divorced,3171,10541,2,Y,Yes,23,3,2,8,3,27,0,1,16,6,0,16
1586,24,No,Human Resources,18,1,Other,1,4,Female,70,1,2,Healthcare Representative,4,Divorced,7495,13942,3,Y,Yes,23,3,1,8,3,7,6,3,2,15,10,3
1587,45,Yes,Human Resources,10,1,Other,1,2,Male,76,3,2,Sales Executive,1,Divorced,5111,8409,6,Y,No,11,3,1,8,1,20,1,1,18,0,10,4
1588,31,Yes,Human Resources,16,4,Other,1,2,Male,83,2,3,Human Resources,2,Single,16957,22901,2,Y,No,18,3,2,8,3,34,3,2,23,0,3,0
1589,48,No,Human Resources,20,2,Technical Degree,1,2,Female,84,3,3,Human Resources,4,Single,11427,7442,0,Y,No,21,3,3,8,2,17,3,3,7,13,6,10
1590,36,No,Research & Development,17,1,Life Sciences,1,4,Male,48,1,1,Sales Representative,1,Married,2177,4898,5,Y,No,25,3,3,8,3,24,5,3,35,10,6,0
1591,64,No,Sales,8,2,Human Resources,1,4,Male,91,2,2,Healthcare Representative,2,Married,1424,9255,2,Y,No,16,4,2,8,0,40,0,3,39,11,0,7
1592,33,Yes,Sales,21,1,Other,1,3,Male,88,3,4,Laboratory Technician,3,Married,11914,2277,5,Y,No,22,3,3,8,1,4,3,1,1,10,8,3
1593,22,Yes,Research & Development,24,3,Technical Degree,1,4,Male,94,2,1,Sales Representative,2,Married,14441,10162,2,Y,No,12,4,1,8,2,7,5,2,22,5,1,14
1594,52,No,Human Resources,29,1,Life Sciences,1,3,Male,97,1,1,Sales Executive,1,Single,6252,26810,5,Y,No,14,4,3,8,0,22,6,1,39,11,4,16
1595,29,No,Research & Development,5,4,Human Resources,1,2,Male,57,3,1,Laboratory Technician,3,Single,17542,13637,3,Y,Yes,14,3,1,8,2,2,4,4,29,11,5,17
1596,42,No,Human Resources,26,3,Technical Degree,1,3,Male,47,3,1,Reseach Director,2,Married,6908,25526,3,Y,No,19,3,3,8,1,36,5,4,24,9,0,2
1597,38,No,Research & Development,13,4,Human Resources,1,1,Female,55,2,4,Manufacturing Director,1,Single,1847,20550,1,Y,Yes,19,4,1,8,3,30,2,2,6,7,15,17
1598,53,No,Sales,21,3,Other,1,2,Female,48,3,1,Reseach Director,2,Single,7153,26130,3,Y,No,15,4,2,8,1,28,3,1,27,18,13,6
1599,40,Yes,Sales,29,2,Life Sciences,1,2,Male,84,3,2,Healthcare Representative,2,Single,10897,18098,3,Y,No,22,4,1,8,1,40,3,4,40,6,11,16
1600,33,No,Sales,5,4,Technical Degree,1,3,Male,86,3,3,Manager,3,Single,13540,2293,6,Y,Yes,13,4,3,8,3,19,4,4,16,13,1,17
1601,56,Yes,Human Resources,24,1,Life Sciences,1,2,Female,35,3,4,Reseach Director,1,Married,16944,13376,4,Y,No,11,4,1,8,0,2,6,2,31,3,6,7
1602,62,No,Human Resources,27,2,Other,1,4,Female,30,1,2,Reseach Director,4,Married,8475,7802,7,Y,Yes,16,3,3,8,2,22,1,2,0,0,5,10
1603,59,No,Research & Development,13,1,Life Sciences,1,1,Female,37,3,2,Reseach Director,2,Single,16104,21641,6,Y,No,18,3,3,8,0,39,5,2,26,7,5,2
1604,56,No,Research & Development,6,3,Life Sciences,1,3,Female,80,2,2,Reseach Director,3,Divorced,12202,17790,8,Y,Yes,11,4,1,8,3,20,1,1,35,4,5,6
1605,31,No,Sales,29,3,Medical,1,3,Male,54,1,3,Reseach Director,2,Married,2329,4194,7,Y,Yes,21,4,3,8,2,12,5,3,6,7,13,14
1606,48,No,Human Resources,5,1,Life Sciences,1,2,Male,76,2,3,Laboratory Technician,4,Married,14273,11194,8,Y,No,11,4,2,8,3,7,4,1,2,7,13,9
1607,22,No,Research & Development,9,1,Human Resources,1,4,Female,84,2,3,Laboratory Technician,2,Divorced,13236,3663,0,Y,Yes,25,4,3,8,0,4,1,2,29,6,6,11
1608,52,No,Human Resources,27,2,Technical Degree,1,2,Female,93,2,2,Reseach Director,1,Married,18916,7217,2,Y,Yes,21,4,2,8,1,24,0,3,0,18,9,11
1609,40,No,Human Resources,16,1,Medical,1,2,Female,39,1,3,Research Scientist,4,Divorced,6243,8789,4,Y,No,17,4,2,8,2,38,4,4,33,3,11,14
1610,46,No,Sales,2,4,Technical Degree,1,3,Female,85,1,1,Research Scientist,4,Divorced,13079,23645,8,Y,No,17,4,3,8,3,36,6,1,37,5,13,4
1611,60,No,Sales,1,4,Technical Degree,1,2,Male,41,1,3,Laboratory Technician,2,Single,7153,20635,7,Y,Yes,12,4,2,8,2,40,5,2,35,11,13,12
1612,28,No,Human Resources,8,1,Other,1,1,Female,62,3,4,Manufacturing Director,2,Married,1561,16126,6,Y,No,13,3,2,8,2,4,2,2,32,17,11,8
1613,35,No,Human Resources,28,4,Other,1,2,Female,46,2,2,Manager,3,Divorced,17874,3421,1,Y,Yes,12,4,1,8,0,7,6,3,15,11,8,9
1614,64,No,Human Resources,19,1,Medical,1,2,Female,90,1,2,Sales Representative,1,Single,16978,22089,5,Y,Yes,16,4,2,8,1,3,6,1,37,17,8,7
1615,29,No,Human Resources,11,2,Other,1,3,Male,39,2,1,Reseach Director,4,Married,1608,10744,3,Y,Yes,23,3,2,8,2,40,2,4,10,2,14,8
1616,26,Yes,Sales,27,4,Other,1,2,Male,60,1,3,Manufacturing Director,2,Single,16107,5791,4,Y,No,23,4,2,8,0,21,2,1,7,9,1,5
1617,27,No,Research & Development,12,4,Other,1,4,Male,89,1,3,Research Scientist,4,Single,15809,8119,4,Y,No,18,4,2,8,2,13,5,3,0,6,1,17
1618,61,No,Sales,12,1,Technical Degree,1,3,Female,99,1,4,Research Scientist,3,Divorced,10365,20749,3,Y,Yes,18,4,2,8,1,18,6,3,13,2,4,9
1619,34,No,Research & Development,7,4,Medical,1,2,Female,46,2,1,Manufacturing Director,1,Married,13879,26726,3,Y,Yes,25,4,3,8,2,12,3,4,29,18,9,14
1620,55,No,Human Resources,26,3,Technical Degree,1,1,Female,79,3,4,Manager,4,Single,13433,12759,3,Y,Yes,11,3,2,8,1,34,4,3,20,12,6,12
1621,24,No,Research & Development,13,2,Human Resources,1,1,Male,66,1,4,Laboratory Technician,4,Divorced,2991,6915,1,Y,No,21,4,3,8,0,3,4,3,20,3,11,10
1622,63,No,Sales,27,2,Technical Degree,1,3,Male,91,1,2,Manager,3,Divorced,19027,11439,0,Y,Yes,19,4,3,8,0,32,1,1,33,9,13,1
1623,30,Yes,Sales,19,4,Human Resources,1,3,Female,58,1,2,Healthcare Representative,2,Single,8839,25551,1,Y,No,21,4,3,8,1,21,4,3,37,5,11,7
1624,57,No,Human Resources,29,4,Life Sciences,1,2,Female,61,3,3,Healthcare Representative,4,Single,4006,18973,6,Y,Yes,18,3,1,8,1,0,6,2,25,0,14,17
1625,59,No,Sales,29,3,Life Sciences,1,4,Male,40,2,3,Research Scientist,1,Divorced,18079,9051,0,Y,Yes,19,4,1,8,0,10,4,2,40,5,12,2
1626,26,No,Human Resources,22,3,Human Resources,1,2,Female,35,2,4,Sales Representative,1,Single,12615,15708,5,Y,Yes,23,4,3,8,1,15,6,2,13,7,2,2
1627,44,No,Sales,28,4,Human Resources,1,1,Female,64,2,3,Healthcare Representative,1,Single,2768,8302,3,Y,Yes,24,3,1,8,1,3,1,3,39,14,14,6
1628,19,No,Sales,26,4,Technical Degree,1,4,Female,62,2,4,Research Scientist,1,Married,8032,14609,1,Y,No,23,3,2,8,3,28,4,4,34,7,14,17
1629,22,No,Human Resources,9,3,Human Resources,1,4,Male,47,1,3,Reseach Director,3,Divorced,14901,25602,2,Y,No,19,3,3,8,2,38,4,2,17,5,2,8
1630,46,No,Research & Development,7,1,Medical,1,4,Female,66,3,3,Human Resources,4,Single,19873,14712,6,Y,No,21,3,3,8,0,37,0,1,19,18,3,17
1631,54,No,Sales,26,3,Life Sciences,1,2,Female,42,1,2,Human Resources,3,Divorced,16418,6068,5,Y,No,22,4,3,8,0,23,5,3,8,13,2,0
1632,55,Yes,Research & Development,27,1,Life Sciences,1,1,Female,93,3,2,Sales Executive,2,Married,10538,24896,5,Y,No,16,3,1,8,3,8,1,4,40,1,14,3
1633,36,No,Sales,24,2,Human Resources,1,3,Female,30,2,2,Reseach Director,1,Divorced,1123,20083,7,Y,Yes,13,3,1,8,1,7,0,4,32,6,14,3
1634,25,No,Sales,15,2,Other,1,2,Male,92,3,2,Human Resources,1,Divorced,13158,11004,7,Y,No,11,3,1,8,1,13,3,3,3,7,2,16
1635,65,No,Sales,2,3,Other,1,3,Male,63,1,1,Manager,3,Divorced,17961,19750,5,Y,No,21,4,2,8,1,14,1,3,3,9,7,1
1636,62,No,Sales,23,1,Human Resources,1,4,Male,39,1,2,Sales Executive,1,Married,16710,14151,0,Y,No,18,3,1,8,0,21,6,1,15,12,6,14
1637,18,No,Research & Development,20,3,Medical,1,4,Female,36,2,1,Research Scientist,4,Married,10754,2782,6,Y,No,20,4,3,8,3,36,5,3,25,0,12,12
1638,39,No,Research & Development,25,3,Other,1,2,Male,85,1,2,Manufacturing Director,1,Divorced,3698,22499,7,Y,Yes,13,4,1,8,2,14,4,3,5,8,6,8
1639,34,Yes,Sales,12,1,Human Resources,1,1,Female,66,1,3,Manufacturing Director,4,Divorced,3997,25723,4,Y,Yes,23,3,1,8,3,5,6,4,36,9,14,6
1640,24,No,Sales,1,3,Medical,1,4,Male,58,3,4,Research Scientist,4,Married,4160,14436,3,Y,Yes,17,4,1,8,0,0,4,2,21,1,13,11
1641,42,Yes,Research & Development,25,2,Medical,1,3,Female,41,1,3,Sales Representative,1,Single,12728,5529,6,Y,No,23,3,1,8,2,19,0,1,38,10,9,11
1642,62,No,Human Resources,22,4,Technical Degree,1,3,Male,46,2,3,Research Scientist,3,Married,16667,4447,5,Y,Yes,20,3,3,8,1,40,0,4,6,4,1,13
1643,21,No,Human Resources,8,4,Medical,1,2,Male,77,2,1,Laboratory Technician,2,Divorced,10022,24057,5,Y,Yes,16,4,1,8,3,35,3,3,29,17,10,14
1644,53,No,Research & Development,5,3,Other,1,3,Male,55,1,2,Manufacturing Director,2,Single,7354,2841,2,Y,No,13,4,3,8,3,1,3,1,9,6,8,0
1645,23,Yes,Sales,15,1,Other,1,1,Female,41,2,4,Human Resources,1,Single,4583,21527,3,Y,No,16,4,1,8,0,5,5,2,14,2,12,8
1646,48,No,Sales,1,1,Human Resources,1,4,Female,50,3,4,Sales Executive,3,Single,8847,15057,4,Y,No,22,4,2,8,3,1,4,3,5,15,5,15
1647,36,No,Human Resources,1,2,Human Resources,1,3,Female,71,3,2,Sales Representative,2,Married,19001,26239,8,Y,Yes,13,3,2,8,2,2,6,2,23,14,13,8
1648,61,No,Human Resources,25,1,Medical,1,3,Male,90,1,1,Healthcare Representative,1,Married,17952,22040,7,Y,No,23,4,3,8,3,6,2,4,1,7,2,15
1649,56,Yes,Research & Development,10,1,Life Sciences,1,4,Female,87,1,1,Reseach Director,1,Married,14338,14939,2,Y,Yes,25,4,3,8,0,19,6,2,39,4,8,1
1650,44,No,Human Resources,22,2,Technical Degree,1,2,Female,83,3,1,Sales Representative,4,Married,15832,7850,5,Y,Yes,23,4,2,8,3,40,3,4,14,2,8,9
1651,27,No,Research & Development,10,3,Life Sciences,1,3,Female,63,2,4,Healthcare Representative,3,Divorced,6574,20180,0,Y,Yes,24,4,2,8,2,40,4,4,20,4,5,17
1652,43,No,Human Resources,21,4,Medical,1,2,Female,36,1,1,Sales Representative,3,Single,5444,13729,2,Y,Yes,19,3,1,8,2,4,6,4,17,8,12,12
1653,36,No,Human Resources,15,2,Medical,1,2,Female,64,1,1,Sales Representative,2,Divorced,6659,8166,6,Y,Yes,23,3,2,8,0,24,6,1,4,15,9,1
1654,56,No,Human Resources,17,3,Life Sciences,1,3,Female,44,2,4,Human Resources,2,Married,19274,15470,6,Y,No,11,4,3,8,1,37,3,3,24,13,5,12
1655,20,No,Sales,22,2,Technical Degree,1,1,Male,94,1,4,Research Scientist,1,Married,8445,20853,1,Y,Yes,23,4,3,8,0,17,6,4,35,17,7,2
1656,62,No,Sales,6,3,Life Sciences,1,2,Male,54,2,3,Laboratory Technician,4,Divorced,4717,26495,2,Y,Yes,18,3,2,8,1,0,6,4,9,6,7,14
1657,30,No,Sales,3,2,Human Resources,1,3,Female,88,2,4,Sales Executive,3,Single,15460,16621,6,Y,Yes,15,3,3,8,2,24,1,2,22,14,14,2
1658,45,No,Human Resources,13,3,Other,1,2,Male,35,2,2,Manufacturing Director,2,Single,2718,7366,5,Y,Yes,25,3,1,8,3,16,0,3,23,7,5,9
1659,37,No,Research & Development,16,2,Human Resources,1,4,Male,81,2,4,Healthcare Representative,2,Married,10962,21707,6,Y,Yes,14,3,1,8,3,14,4,1,9,2,6,5
1660,45,No,Research & Development,8,3,Other,1,1,Female,50,2,4,Sales Executive,4,Married,2701,16099,8,Y,No,11,4,2,8,2,4,6,1,5,10,3,13
1661,25,No,Research & Development,15,2,Medical,1,1,Female,61,3,1,Sales Representative,4,Married,16532,8501,7,Y,Yes,19,4,3,8,0,16,3,2,12,17,0,8
1662,58,No,Research & Development,17,4,Technical Degree,1,4,Male,82,2,3,Research Scientist,1,Married,15331,20691,5,Y,Yes,23,3,2,8,3,20,0,1,20,14,3,17
1663,56,Yes,Sales,26,4,Life Sciences,1,4,Female,88,3,1,Sales Executive,4,Single,10446,8380,3,Y,Yes,19,3,3,8,0,22,6,1,31,9,7,7
1664,18,No,Sales,22,1,Technical Degree,1,2,Male,98,2,3,Research Scientist,1,Divorced,1134,24805,8,Y,Yes,23,4,3,8,3,9,6,3,14,2,11,5
1665,20,No,Human Resources,26,3,Life Sciences,1,4,Male,91,1,1,Healthcare Representative,1,Single,13953,2977,6,Y,No,15,4,3,8,1,16,2,2,1,14,12,14
1666,30,No,Human Resources,13,2,Human Resources,1,1,Male,33,3,2,Human Resources,4,Divorced,2208,2956,4,Y,Yes,24,3,1,8,3,0,3,2,14,5,7,13
1667,45,No,Research & Development,17,3,Human Resources,1,4,Female,47,1,1,Human Resources,4,Married,7101,9009,1,Y,Yes,21,4,3,8,1,36,4,4,16,10,13,14
1668,42,No,Sales,6,4,Life Sciences,1,3,Male,85,2,1,Research Scientist,4,Married,17384,13778,8,Y,Yes,19,3,1,8,3,6,1,1,19,10,1,5
1669,50,No,Research & Development,17,3,Technical Degree,1,3,Female,53,2,2,Research Scientist,4,Divorced,3720,5146,6,Y,Yes,25,4,3,8,3,11,0,3,5,18,15,11
1670,55,No,Human Resources,16,2,Life Sciences,1,2,Female,95,1,2,Laboratory Technician,4,Married,10191,11069,8,Y,No,20,4,2,8,3,39,0,3,14,2,14,9
1671,23,Yes,Human Resources,22,3,Medical,1,1,Female,42,2,4,Reseach Director,1,Single,7004,18291,8,Y,No,24,3,1,8,3,0,1,2,16,12,6,7
1672,61,No,Research & Development,13,2,Human Resources,1,3,Female,91,1,1,Laboratory Technician,2,Married,9191,10628,4,Y,No,19,4,1,8,3,19,4,2,25,7,12,4
1673,62,No,Human Resources,6,4,Medical,1,4,Female,83,2,2,Sales Executive,3,Married,6511,17162,6,Y,Yes,17,3,1,8,0,30,5,3,21,10,0,9
1674,49,No,Research & Development,3,4,Human Resources,1,3,Male,44,2,2,Manager,3,Married,13929,19029,4,Y,No,18,4,2,8,1,3,2,3,8,10,1,10
1675,62,No,Sales,14,4,Human Resources,1,3,Female,98,3,4,Laboratory Technician,1,Married,19891,23592,2,Y,No,11,3,1,8,1,25,5,2,11,12,13,13
1676,64,No,Research & Development,14,1,Other,1,2,Female,32,1,3,Sales Executive,1,Single,3574,9775,7,Y,No,14,3,2,8,3,11,6,2,21,2,7,13
1677,38,No,Sales,15,4,Medical,1,4,Female,66,2,2,Manufacturing Director,2,Divorced,11798,19263,7,Y,No,20,3,3,8,0,21,1,3,22,5,10,1
1678,33,No,Sales,8,3,Medical,1,4,Female,66,1,2,Sales Executive,4,Married,6033,12103,8,Y,No,20,4,3,8,0,0,2,2,36,9,9,16
1679,38,Yes,Human Resources,24,1,Other,1,4,Female,32,3,1,Sales Executive,1,Married,2040,17363,5,Y,Yes,25,3,2,8,2,0,4,1,13,18,14,14
1680,28,No,Human Resources,15,4,Technical Degree,1,2,Male,92,1,4,Research Scientist,3,Single,2250,10988,1,Y,No,14,3,1,8,2,2,3,3,23,11,12,2
1681,54,No,Human Resources,22,3,Medical,1,4,Female,64,3,1,Sales Representative,4,Single,2751,16674,2,Y,No,22,4,1,8,0,11,3,2,7,13,12,2
1682,53,No,Research & Development,29,3,Life Sciences,1,4,Female,81,1,3,Research Scientist,1,Single,6718,23383,5,Y,No,19,4,2,8,2,20,5,3,25,10,3,2
1683,52,No,Research & Development,27,3,Other,1,3,Male,57,1,4,Research Scientist,4,Married,15748,9282,0,Y,Yes,13,3,3,8,1,12,4,3,31,9,15,2
1684,36,No,Human Resources,13,2,Medical,1,3,Female,47,3,1,Sales Representative,3,Divorced,12839,11236,1,Y,Yes,25,3,2,8,0,12,2,4,27,2,13,17
1685,37,No,Research & Development,17,1,Technical Degree,1,4,Male,65,2,2,Manager,4,Single,14787,2906,7,Y,No,22,4,1,8,2,40,5,1,31,12,2,5
1686,35,No,Human Resources,21,3,Medical,1,1,Male,62,2,2,Manufacturing Director,1,Single,9169,11832,7,Y,Yes,20,4,1,8,0,17,1,1,21,17,13,13
1687,64,No,Research & Development,24,2,Human Resources,1,1,Male,93,2,4,Laboratory Technician,1,Single,13384,26811,5,Y,Yes,25,4,1,8,2,32,5,4,8,12,1,2
1688,58,Yes,Sales,3,4,Life Sciences,1,4,Male,55,1,2,Sales Executive,2,Divorced,5412,4869,2,Y,No,20,3,1,8,0,5,4,4,2,13,10,0
1689,31,No,Sales,28,3,Other,1,1,Female,77,1,1,Laboratory Technician,2,Married,5906,22242,1,Y,Yes,11,4,3,8,3,24,6,3,24,13,5,9
1690,32,Yes,Human Resources,29,2,Human Resources,1,2,Female,69,2,4,Human Resources,2,Married,1172,7050,5,Y,No,25,3,3,8,1,22,4,1,38,6,3,12
1691,48,Yes,Research & Development,17,3,Technical Degree,1,3,Male,46,1,2,Healthcare Representative,4,Married,4319,5917,0,Y,No,21,3,3,8,2,23,3,4,11,11,2,8
1692,18,Yes,Research & Development,22,1,Human Resources,1,2,Male,69,1,2,Manager,1,Single,18388,19692,5,Y,No,15,3,1,8,3,36,1,2,28,3,2,1
1693,20,No,Sales,26,1,Human Resources,1,3,Female,36,2,3,Healthcare Representative,1,Married,16000,16892,8,Y,Yes,17,4,1,8,0,25,3,3,2,15,9,9
1694,33,No,Sales,17,4,Technical Degree,1,1,Male,86,3,3,Sales Executive,3,Single,19270,12091,6,Y,No,22,4,1,8,3,3,2,1,40,18,2,11
1695,40,No,Human Resources,23,3,Human Resources,1,1,Male,37,1,4,Sales Executive,3,Divorced,18741,22946,8,Y,No,14,4,2,8,1,37,2,3,22,9,11,2
1696,28,No,Sales,25,2,Other,1,4,Male,85,1,3,Manufacturing Director,1,Divorced,3260,15056,1,Y,Yes,19,3,1,8,2,34,0,3,22,15,7,0
1697,29,No,Human Resources,2,4,Medical,1,1,Female,60,1,1,Laboratory Technician,3,Married,12101,8864,4,Y,No,16,3,3,8,2,10,4,2,17,4,8,14
1698,27,No,Sales,26,3,Human Resources,1,1,Male,88,1,2,Sales Representative,2,Single,7599,11573,8,Y,Yes,16,4,3,8,0,35,1,2,10,15,8,12
1699,49,No,Sales,15,4,Other,1,4,Female,87,3,2,Reseach Director,2,Single,8667,17829,6,Y,Yes,13,4,3,8,1,24,1,4,35,0,4,6
1700,33,Yes,Research & Development,5,2,Medical,1,4,Female,41,2,2,Reseach Director,4,Married,17825,26193,8,Y,No,20,3,2,8,3,19,3,1,25,4,0,1
1701,25,No,Sales,26,4,Medical,1,3,Female,77,1,4,Sales Representative,3,Divorced,6256,19338,5,Y,Yes,20,3,3,8,0,0,5,1,7,12,9,10
1702,55,No,Sales,20,4,Human Resources,1,1,Male,60,2,4,Reseach Director,4,Divorced,8724,24693,6,Y,No,15,3,2,8,2,29,5,4,27,12,4,15
1703,29,No,Human Resources,6,4,Other,1,3,Male,92,1,3,Research Scientist,3,Divorced,4826,12769,4,Y,Yes,20,3,2,8,3,3,3,1,17,2,0,13
1704,41,No,Sales,6,3,Human Resources,1,3,Female,68,3,2,Manufacturing Director,3,Divorced,18463,24414,5,Y,Yes,16,4,2,8,0,22,6,1,12,16,8,14
1705,45,Yes,Human Resources,27,2,Technical Degree,1,2,Female,49,2,2,Manager,2,Divorced,5609,4447,0,Y,Yes,24,3,1,8,3,34,5,4,35,18,12,6
1706,25,Yes,Sales,18,1,Medical,1,1,Female,77,3,2,Laboratory Technician,1,Married,10991,11249,0,Y,Yes,14,3,1,8,3,21,1,1,39,4,9,8
1707,45,No,Sales,18,3,Human Resources,1,1,Male,83,1,2,Laboratory Technician,3,Married,2003,4487,1,Y,No,23,4,3,8,0,30,3,3,11,4,12,3
1708,53,No,Human Resources,4,1,Medical,1,2,Male,58,3,2,Manager,3,Married,5740,2616,3,Y,No,13,4,3,8,3,0,5,2,21,14,14,5
1709,43,Yes,Research & Development,20,1,Other,1,3,Female,77,3,1,Sales Executive,3,Divorced,8679,2653,8,Y,Yes,15,4,2,8,3,3,0,1,1,9,7,9
1710,25,No,Human Resources,25,3,Life Sciences,1,1,Female,85,1,2,Sales Executive,1,Divorced,18350,10259,6,Y,No,17,4,1,8,1,18,4,1,39,11,6,2
1711,45,Yes,Human Resources,27,3,Human Resources,1,3,Male,46,1,1,Healthcare Representative,4,Married,9296,18276,5,Y,No,21,3,3,8,1,29,0,1,27,10,1,0
1712,45,No,Human Resources,14,2,Human Resources,1,2,Female,38,2,2,Sales Executive,4,Married,19547,26589,0,Y,No,16,3,3,8,2,0,5,1,12,0,1,5
1713,54,No,Research & Development,13,2,Medical,1,4,Male,63,1,4,Sales Representative,3,Divorced,18024,25892,4,Y,No,12,3,1,8,1,18,2,4,32,2,13,4
1714,58,No,Sales,7,4,Other,1,3,Male,74,2,4,Research Scientist,3,Single,12885,6756,3,Y,No,11,3,2,8,0,20,1,4,2,3,3,14
1715,53,Yes,Human Resources,28,1,Technical Degree,1,1,Female,38,3,1,Manager,2,Married,18090,3297,4,Y,No,15,3,3,8,3,21,0,1,33,18,8,10
1716,44,Yes,Human Resources,23,2,Other,1,4,Female,36,3,2,Healthcare Representative,2,Divorced,17424,14131,8,Y,No,15,4,3,8,2,1,0,1,22,2,13,12
1717,34,No,Research & Development,15,4,Human Resources,1,3,Male,45,2,4,Manufacturing Director,2,Divorced,16861,14485,2,Y,Yes,22,4,1,8,1,5,3,2,31,17,8,5
1718,26,Yes,Human Resources,26,2,Technical Degree,1,3,Male,48,1,4,Sales Executive,3,Married,14499,4330,3,Y,No,22,3,1,8,3,20,3,3,19,2,13,4
1719,50,No,Sales,11,3,Other,1,4,Male,35,1,2,Laboratory Technician,4,Single,6571,19636,7,Y,Yes,16,4,2,8,0,32,3,2,27,6,7,1
1720,37,Yes,Research & Development,18,2,Life Sciences,1,4,Male,40,3,2,Manufacturing Director,2,Divorced,9749,15079,2,Y,Yes,13,3,2,8,3,18,5,1,7,0,10,16
1721,30,No,Sales,12,1,Medical,1,4,Male,90,2,4,Research Scientist,1,Married,3257,7331,2,Y,Yes,11,3,3,8,0,26,6,3,2,18,14,11
1722,45,No,Sales,3,2,Other,1,1,Female,71,3,2,Research Scientist,3,Divorced,7201,14109,8,Y,No,25,3,2,8,3,36,6,1,29,17,15,11
1723,65,No,Research & Development,17,1,Other,1,1,Male,42,3,3,Research Scientist,4,Divorced,10904,25450,4,Y,No,14,3,3,8,2,28,2,3,24,1,4,13
1724,46,No,Human Resources,3,3,Life Sciences,1,3,Male,41,1,2,Sales Executive,3,Divorced,7415,18547,0,Y,Yes,14,3,3,8,2,27,0,1,29,11,13,6
1725,30,No,Sales,19,1,Human Resources,1,3,Male,49,2,4,Research Scientist,2,Divorced,2165,19230,6,Y,Yes,20,4,1,8,1,33,4,2,28,16,6,13
1726,63,No,Sales,20,2,Medical,1,2,Female,79,3,4,Manager,4,Single,15327,25774,6,Y,No,12,4,3,8,1,0,3,1,29,2,11,6
1727,52,No,Sales,4,4,Other,1,1,Female,65,1,1,Laboratory Technician,1,Married,9544,25076,5,Y,No,24,3,1,8,3,24,2,4,33,11,8,8
1728,23,No,Sales,3,3,Technical Degree,1,3,Male,98,3,3,Healthcare Representative,1,Married,6304,11188,5,Y,No,18,3,3,8,3,20,5,4,24,11,2,13
1729,35,Yes,Research & Development,25,2,Other,1,4,Male,66,3,4,Sales Executive,2,Married,13273,16906,2,Y,Yes,16,4,3,8,1,33,2,1,16,5,3,16
1730,22,No,Research & Development,16,3,Medical,1,4,Female,41,1,3,Sales Representative,1,Married,7163,26628,2,Y,Yes,22,3,3,8,1,25,3,2,23,9,1,16
1731,64,No,Sales,12,3,Other,1,1,Female,69,1,2,Manufacturing Director,1,Married,19641,26719,8,Y,No,13,3,2,8,3,35,1,3,37,5,15,12
1732,42,No,Human Resources,8,2,Life Sciences,1,4,Female,83,2,4,Human Resources,1,Single,10145,15383,0,Y,No,25,3,2,8,3,34,0,2,27,13,8,17
1733,19,No,Sales,24,2,Other,1,2,Female,31,3,1,Manufacturing Director,1,Divorced,14222,4713,6,Y,Yes,11,4,1,8,3,22,3,4,32,1,6,16
1734,27,No,Human Resources,29,4,Other,1,3,Male,79,2,4,Research Scientist,1,Divorced,13081,5282,6,Y,No,22,3,3,8,2,16,4,2,35,10,5,5
1735,47,No,Sales,29,3,Technical Degree,1,3,Female,70,1,1,Laboratory Technician,1,Married,11251,6040,7,Y,No,21,3,1,8,0,11,0,4,6,14,4,11
1736,62,No,Human Resources,17,3,Life Sciences,1,3,Male,74,1,3,Healthcare Representative,1,Divorced,4294,3379,5,Y,Yes,13,4,1,8,0,19,2,2,22,7,11,5
1737,22,No,Sales,7,2,Life Sciences,1,1,Male,38,3,1,Manager,4,Divorced,10531,23834,7,Y,Yes,18,3,3,8,1,38,6,4,25,12,6,2
1738,50,Yes,Human Resources,21,1,Other,1,4,Female,91,2,2,Reseach Director,1,Divorced,3012,25994,0,Y,Yes,14,3,2,8,2,26,4,3,13,18,2,14
1739,18,No,Sales,18,2,Technical Degree,1,2,Female,76,2,2,Manufacturing Director,4,Married,10988,25512,0,Y,Yes,13,4,2,8,3,36,0,1,27,9,4,2
1740,35,No,Sales,1,3,Other,1,1,Female,34,3,2,Reseach Director,3,Married,11447,16682,8,Y,No,23,4,1,8,3,19,4,1,23,8,1,14
1741,49,Yes,Human Resources,27,2,Other,1,3,Female,30,3,4,Laboratory Technician,1,Single,15236,23256,3,Y,Yes,21,3,2,8,1,10,2,4,6,17,4,0
1742,64,No,Research & Development,4,4,Medical,1,2,Male,73,2,2,Reseach Director,1,Married,4681,17760,2,Y,No,14,4,3,8,1,27,3,2,35,6,6,2
1743,28,No,Human Resources,13,1,Medical,1,3,Male,51,1,2,Manufacturing Director,2,Single,8467,3864,5,Y,No,21,3,3,8,2,1,6,2,38,2,14,4
1744,38,Yes,Research & Development,6,2,Technical Degree,1,3,Male,67,1,4,Sales Representative,1,Married,19548,22378,8,Y,No,25,3,2,8,0,23,4,1,14,11,10,13
1745,43,No,Sales,26,4,Human Resources,1,1,Female,48,3,3,Human Resources,4,Divorced,4488,24202,3,Y,Yes,14,4,2,8,0,15,3,4,2,14,9,3
1746,42,No,Human Resources,14,3,Medical,1,3,Male,60,2,2,Reseach Director,1,Single,15896,8292,8,Y,Yes,12,3,1,8,3,11,6,2,1,12,10,8
1747,39,Yes,Human Resources,5,2,Human Resources,1,2,Female,96,2,2,Sales Representative,3,Single,1060,17854,4,Y,No,14,4,2,8,1,15,2,1,6,5,6,17
1748,44,No,Human Resources,16,3,Life Sciences,1,3,Male,71,2,4,Sales Representative,2,Single,3168,5230,6,Y,No,21,4,1,8,2,35,6,4,15,7,8,9
1749,30,No,Research & Development,15,4,Medical,1,4,Female,55,1,3,Research Scientist,2,Married,5399,9305,2,Y,Yes,22,4,3,8,3,1,2,3,20,13,2,7
1750,50,No,Research & Development,15,3,Medical,1,3,Male,42,1,3,Human Resources,3,Single,17089,17033,2,Y,No,19,3,3,8,0,24,4,2,8,2,7,12
1751,51,No,Sales,4,4,Technical Degree,1,1,Male,87,2,3,Manager,4,Married,3121,4508,2,Y,No,14,4,3,8,0,28,4,2,11,15,4,1
1752,58,No,Research & Development,8,4,Human Resources,1,2,Female,47,2,4,Manufacturing Director,4,Single,13761,18056,7,Y,No,22,3,2,8,2,27,2,4,28,17,6,6
1753,52,Yes,Research & Development,27,4,Medical,1,1,Male,96,3,1,Healthcare Representative,3,Married,15602,25527,5,Y,No,11,4,2,8,3,9,4,1,23,16,0,10
1754,18,No,Sales,16,2,Medical,1,4,Male,32,3,1,Healthcare Representative,2,Single,16348,20060,8,Y,No,11,4,2,8,2,22,4,4,32,17,0,4
1755,38,No,Human Resources,28,3,Technical Degree,1,3,Female,84,2,2,Reseach Director,1,Divorced,2363,3138,8,Y,No,11,3,1,8,3,31,4,1,13,9,3,17
1756,65,No,Human Resources,16,3,Technical Degree,1,1,Female,87,2,2,Human Resources,4,Divorced,6629,17001,7,Y,No,24,3,1,8,0,30,5,4,17,16,4,7
1757,23,Yes,Sales,27,1,Human Resources,1,1,Female,92,1,2,Reseach Director,2,Single,4763,15670,0,Y,No,15,4,1,8,1,18,4,3,4,15,12,9
1758,45,No,Human Resources,13,1,Life Sciences,1,1,Female,81,2,1,Human Resources,2,Married,17602,25460,5,Y,Yes,16,3,3,8,1,14,0,2,14,1,9,1
1759,34,Yes,Research & Development,26,1,Life Sciences,1,1,Female,53,3,4,Manufacturing Director,1,Married,17176,20641,3,Y,Yes,22,3,1,8,0,32,2,2,6,3,2,2
1760,22,No,Sales,28,1,Other,1,4,Male,38,1,2,Manufacturing Director,3,Married,1246,7811,3,Y,No,16,4,2,8,1,16,2,3,24,10,5,4
1761,48,No,Sales,13,3,Medical,1,4,Female,66,3,4,Manager,4,Divorced,9536,18052,2,Y,No,16,4,2,8,1,35,1,4,13,6,2,15
1762,22,No,Sales,2,4,Human Resources,1,3,Male,82,3,2,Sales Representative,4,Divorced,9084,25698,8,Y,Yes,19,3,3,8,3,19,3,1,39,16,4,9
1763,55,No,Human Resources,3,4,Medical,1,3,Male,53,1,4,Human Resources,3,Divorced,18969,19652,1,Y,Yes,11,4,2,8,2,8,1,1,35,18,10,10
1764,20,No,Sales,22,2,Human Resources,1,2,Female,50,3,4,Sales Executive,3,Married,9700,17690,0,Y,Yes,20,4,2,8,3,37,4,3,34,5,12,15
1765,40,No,Sales,8,4,Human Resources,1,4,Male,69,2,1,Sales Executive,4,Married,10765,17716,2,Y,No,16,4,2,8,2,2,4,4,23,9,14,11
1766,54,No,Sales,24,3,Human Resources,1,1,Male,91,3,4,Sales Representative,4,Married,4549,8503,3,Y,Yes,23,3,1,8,2,1,6,3,14,3,0,1
1767,54,No,Human Resources,15,3,Medical,1,1,Female,99,1,3,Reseach Director,4,Single,10336,10166,3,Y,Yes,18,3,1,8,1,17,0,4,10,0,2,10
1768,27,No,Research & Development,11,3,Technical Degree,1,2,Male,98,1,1,Human Resources,2,Single,11549,12444,5,Y,No,18,3,2,8,2,22,0,3,23,6,6,0
1769,27,No,Sales,9,2,Medical,1,1,Female,43,1,2,Laboratory Technician,2,Single,8266,17095,0,Y,Yes,22,4,2,8,2,18,0,3,10,15,2,4
1770,36,No,Research & Development,7,1,Human Resources,1,2,Female,71,3,1,Healthcare Representative,2,Divorced,17542,11315,0,Y,No,25,3,2,8,0,6,0,3,16,16,4,13
1771,34,No,Human Resources,13,4,Other,1,3,Female,79,2,3,Laboratory Technician,1,Divorced,12729,21764,1,Y,Yes,25,4,2,8,2,34,0,3,5,4,6,17
1772,38,No,Human Resources,2,3,Life Sciences,1,4,Male,90,1,3,Healthcare Representative,2,Married,2633,14810,3,Y,Yes,13,4,1,8,0,19,0,4,20,9,12,6
1773,31,No,Human Resources,8,3,Human Resources,1,2,Male,33,2,4,Sales Executive,4,Single,8670,3407,6,Y,Yes,23,4,3,8,3,19,0,2,7,6,1,4
1774,26,No,Human Resources,7,1,Other,1,1,Male,46,1,3,Manufacturing Director,2,Married,19967,19368,5,Y,Yes,15,4,2,8,1,18,0,3,14,12,2,7
1775,63,Yes,Research & Development,24,3,Technical Degree,1,2,Male,86,2,3,Manager,2,Single,8538,23645,8,Y,Yes,20,3,1,8,2,40,6,1,31,6,3,14
1776,18,No,Sales,12,4,Human Resources,1,3,Female,77,2,3,Research Scientist,3,Single,14663,26774,6,Y,No,14,4,2,8,0,15,5,2,9,14,15,4
1777,62,No,Human Resources,19,2,Other,1,1,Male,73,2,3,Reseach Director,1,Married,3117,21556,4,Y,No,22,4,3,8,3,37,0,1,27,16,4,12
1778,30,No,Human Resources,7,3,Human Resources,1,3,Female,74,1,2,Sales Representative,1,Married,4956,11028,5,Y,Yes,11,3,1,8,3,20,2,1,14,2,11,1
1779,21,No,Research & Development,10,4,Medical,1,3,Male,62,3,2,Sales Executive,3,Single,8908,15859,8,Y,No,19,4,1,8,3,28,0,3,11,4,8,4
1780,18,No,Research & Development,29,3,Other,1,2,Male,60,3,1,Manufacturing Director,4,Single,14381,8558,0,Y,Yes,15,3,3,8,0,37,3,1,17,9,8,4
1781,57,No,Human Resources,25,1,Medical,1,3,Male,76,3,4,Manufacturing Director,1,Divorced,5923,17277,8,Y,Yes,12,3,3,8,0,23,0,3,36,4,15,5
1782,49,No,Sales,16,3,Medical,1,1,Male,35,2,2,Healthcare Representative,2,Married,7676,7182,5,Y,Yes,22,3,1,8,1,36,5,3,23,6,3,15
1783,51,Yes,Sales,15,3,Other,1,3,Male,63,1,3,Manufacturing Director,4,Married,3272,6332,3,Y,Yes,12,4,3,8,2,28,6,2,36,6,13,1
1784,45,No,Human Resources,10,2,Life Sciences,1,3,Female,82,2,4,Human Resources,1,Married,4824,18887,4,Y,Yes,21,3,2,8,3,30,4,1,28,13,8,4
1785,48,Yes,Research & Development,25,1,Other,1,2,Male,43,1,2,Reseach Director,1,Married,1586,26781,0,Y,No,17,4,3,8,1,38,5,3,9,14,3,14
1786,25,No,Human Resources,18,1,Life Sciences,1,3,Male,45,2,1,Research Scientist,4,Single,16038,17002,6,Y,No,14,3,3,8,0,11,5,1,13,4,1,0
1787,56,No,Human Resources,18,2,Human Resources,1,4,Male,72,1,3,Sales Executive,1,Divorced,17815,4538,7,Y,No,11,3,1,8,1,29,4,2,15,4,9,2
1788,43,No,Research & Development,5,3,Human Resources,1,2,Male,41,1,4,Human Resources,3,Married,3772,5438,4,Y,No,15,3,3,8,3,3,0,1,36,3,0,14
1789,51,Yes,Human Resources,27,4,Other,1,2,Female,99,1,2,Sales Executive,2,Single,18622,14503,1,Y,Yes,12,3,1,8,3,29,6,2,10,8,6,2
1790,20,Yes,Human Resources,29,1,Human Resources,1,1,Male,48,2,4,Manager,2,Single,16654,18561,7,Y,No,25,4,2,8,1,4,6,2,25,11,3,7
1791,29,No,Human Resources,7,1,Technical Degree,1,1,Female,70,3,2,Research Scientist,4,Single,9954,9841,6,Y,Yes,17,4,3,8,3,15,0,2,39,15,11,14
1792,18,Yes,Research & Development,28,3,Medical,1,1,Male,82,2,1,Manufacturing Director,2,Single,18080,6234,8,Y,Yes,25,3,3,8,0,26,4,1,18,7,7,0
1793,61,Yes,Sales,2,3,Medical,1,1,Female,58,2,3,Manager,2,Single,18115,18162,3,Y,No,19,3,1,8,3,3,3,1,17,8,7,5
1794,22,Yes,Sales,23,1,Life Sciences,1,4,Female,99,1,1,Healthcare Representative,1,Married,14863,16279,8,Y,No,23,3,1,8,2,7,1,2,29,11,11,16
1795,47,No,Research & Development,13,3,Human Resources,1,2,Female,88,1,3,Manager,2,Married,18139,9179,3,Y,Yes,11,4,3,8,2,7,2,1,31,6,7,15
1796,47,No,Sales,23,4,Life Sciences,1,3,Female,93,3,3,Laboratory Technician,2,Divorced,3721,25844,2,Y,Yes,22,3,1,8,3,16,4,3,22,3,5,12
1797,34,No,Human Resources,5,1,Medical,1,1,Female,53,3,4,Healthcare Representative,4,Married,18100,17727,2,Y,Yes,12,3,3,8,1,2,0,3,11,2,8,0
1798,65,No,Sales,6,4,Medical,1,1,Male,45,1,2,Research Scientist,1,Single,16866,24310,1,Y,No,21,4,2,8,3,26,2,4,12,0,13,2
1799,64,No,Human Resources,24,4,Human Resources,1,1,Female,81,3,1,Reseach Director,2,Divorced,9635,17899,2,Y,Yes,16,3,3,8,2,33,0,1,20,6,3,5
1800,40,No,Sales,26,3,Technical Degree,1,3,Male,35,3,1,Laboratory Technician,4,Single,14077,12289,7,Y,Yes,18,3,2,8,0,20,1,2,20,8,4,2
1801,32,No,Research & Development,29,4,Technical Degree,1,1,Female,66,1,1,Sales Executive,3,Single,17876,14363,7,Y,Yes,17,3,2,8,2,23,1,2,28,1,3,14
1802,54,No,Sales,14,3,Human Resources,1,3,Female,33,2,4,Sales Representative,4,Married,15728,19279,1,Y,Yes,19,3,1,8,3,40,4,1,28,6,4,14
1803,38,No,Sales,12,2,Human Resources,1,2,Male,67,3,4,Sales Representative,4,Single,2542,16816,1,Y,No,24,4,1,8,3,28,2,3,26,9,1,10
1804,31,Yes,Sales,4,3,Life Sciences,1,2,Female,70,1,4,Laboratory Technician,2,Married,17562,25195,1,Y,No,12,4,1,8,1,38,5,1,28,1,4,5
1805,19,No,Research & Development,29,4,Human Resources,1,2,Female,43,3,3,Reseach Director,1,Single,18413,24561,6,Y,Yes,22,4,1,8,3,5,6,4,14,12,9,5
1806,28,No,Sales,23,2,Technical Degree,1,4,Female,80,3,1,Human Resources,3,Divorced,8102,11353,5,Y,No,19,3,3,8,3,13,6,1,11,2,7,8
1807,56,No,Research & Development,6,3,Human Resources,1,3,Female,94,1,3,Sales Representative,2,Single,14165,15571,0,Y,Yes,14,3,2,8,0,13,2,1,40,12,8,13
1808,55,Yes,Human Resources,21,4,Life Sciences,1,1,Male,81,3,1,Laboratory Technician,2,Married,18240,17896,1,Y,No,21,4,3,8,0,36,5,1,18,9,6,10
1809,51,Yes,Sales,23,1,Life Sciences,1,1,Female,59,3,1,Research Scientist,2,Single,14794,14425,0,Y,No,25,3,2,8,0,23,1,1,11,11,6,5
1810,55,No,Research & Development,15,1,Life Sciences,1,1,Female,86,3,2,Reseach Director,3,Married,16600,14919,6,Y,No,13,3,2,8,1,12,0,1,22,2,13,17
1811,51,No,Research & Development,8,3,Life Sciences,1,1,Male,59,2,1,Reseach Director,1,Married,15703,22658,5,Y,No,17,4,2,8,1,0,6,3,4,5,5,14
1812,35,No,Sales,26,3,Other,1,4,Male,71,2,4,Human Resources,3,Divorced,4355,11692,1,Y,Yes,15,4,3,8,2,11,5,3,25,2,1,8
1813,47,No,Human Resources,9,1,Human Resources,1,1,Female,40,3,4,Healthcare Representative,3,Married,5022,14024,1,Y,Yes,23,3,1,8,1,23,5,1,9,1,9,10
1814,32,No,Research & Development,5,4,Medical,1,4,Female,56,1,4,Manufacturing Director,1,Divorced,1040,18740,1,Y,Yes,15,4,3,8,0,36,4,4,21,13,11,1
1815,44,No,Sales,10,4,Human Resources,1,3,Male,53,3,2,Sales Representative,3,Divorced,12165,14132,7,Y,No,22,3,2,8,1,19,3,2,38,14,10,5
1816,51,Yes,Human Resources,18,4,Other,1,2,Female,68,3,2,Manufacturing Director,2,Single,11313,21569,6,Y,No,23,4,3,8,3,5,1,1,22,17,9,13
1817,55,No,Research & Development,6,3,Life Sciences,1,1,Male,47,2,3,Manufacturing Director,3,Divorced,8886,18219,0,Y,Yes,12,4,2,8,1,11,5,2,10,18,12,13
1818,50,No,Research & Development,16,2,Other,1,2,Female,74,2,1,Research Scientist,2,Married,7179,23274,3,Y,No,16,3,1,8,3,20,1,3,27,9,8,12
1819,41,No,Human Resources,24,2,Technical Degree,1,3,Male,41,2,1,Sales Executive,3,Married,13087,26619,3,Y,No,16,3,1,8,2,2,4,4,30,16,15,4
1820,32,No,Human Resources,27,2,Technical Degree,1,3,Male,78,3,4,Manufacturing Director,2,Divorced,3324,14565,6,Y,Yes,22,4,3,8,3,26,0,2,7,16,13,8
1821,47,Yes,Sales,22,2,Human Resources,1,1,Male,60,3,4,Reseach Director,3,Single,1074,18801,1,Y,No,14,3,1,8,0,35,2,1,38,18,4,10
1822,59,No,Sales,10,2,Human Resources,1,3,Female,51,1,4,Human Resources,2,Divorced,13429,3298,3,Y,Yes,15,3,2,8,2,16,1,3,27,3,5,6
1823,34,No,Research & Development,11,3,Medical,1,2,Female,73,3,4,Human Resources,2,Divorced,19321,11788,0,Y,No,17,3,2,8,2,14,4,1,15,10,0,1
1824,22,No,Human Resources,11,3,Medical,1,1,Female,93,3,4,Sales Executive,2,Married,8542,15806,3,Y,Yes,24,4,1,8,2,38,4,1,30,16,15,11
1825,46,No,Human Resources,17,2,Technical Degree,1,4,Female,54,2,4,Healthcare Representative,1,Single,15213,3532,0,Y,No,18,3,1,8,0,3,4,4,40,9,4,4
1826,21,No,Human Resources,4,3,Life Sciences,1,1,Male,80,2,1,Reseach Director,3,Single,16326,23660,1,Y,No,16,3,1,8,3,16,6,1,15,16,5,1
1827,27,No,Research & Development,4,3,Other,1,2,Male,36,2,2,Reseach Director,3,Single,16466,11239,1,Y,No,15,4,3,8,2,37,6,3,4,11,9,13
1828,34,No,Human Resources,17,2,Medical,1,1,Male,35,2,4,Manager,4,Single,17977,18359,2,Y,No,22,4,3,8,0,10,6,1,34,9,15,6
1829,27,No,Human Resources,9,4,Medical,1,1,Female,53,2,1,Manufacturing Director,4,Married,6253,10838,7,Y,No,13,4,2,8,2,11,2,1,24,9,10,4
1830,34,No,Research & Development,19,3,Life Sciences,1,2,Female,48,1,4,Laboratory Technician,4,Single,9163,7228,5,Y,Yes,17,4,3,8,2,31,6,3,12,5,1,3
1831,37,Yes,Sales,29,4,Life Sciences,1,1,Female,38,1,3,Human Resources,2,Single,19141,13538,5,Y,No,18,3,3,8,0,26,1,1,28,16,6,9
1832,41,No,Sales,22,3,Human Resources,1,1,Male,65,1,3,Manufacturing Director,1,Single,19597,14423,8,Y,Yes,13,3,2,8,1,26,5,4,26,18,13,15
1833,22,No,Research & Development,24,3,Other,1,2,Female,69,2,1,Sales Representative,2,Married,12831,26616,7,Y,Yes,15,4,2,8,2,39,4,3,39,1,3,5
1834,51,No,Human Resources,6,2,Life Sciences,1,3,Female,53,2,2,Sales Executive,3,Married,2901,15280,1,Y,Yes,21,4,1,8,1,28,2,4,16,3,4,5
1835,23,No,Research & Development,3,3,Medical,1,2,Male,77,2,3,Reseach Director,1,Single,8027,7911,5,Y,No,12,3,1,8,2,8,6,1,36,17,2,8
1836,19,No,Sales,22,1,Medical,1,1,Male,92,1,3,Manager,1,Married,11630,10161,0,Y,Yes,20,3,3,8,1,2,0,2,37,3,4,0
1837,30,No,Sales,1,1,Technical Degree,1,4,Female,98,2,2,Sales Executive,3,Divorced,1982,14861,8,Y,No,20,4,2,8,3,38,3,4,28,5,11,15
1838,60,No,Research & Development,20,2,Life Sciences,1,4,Male,82,1,3,Manufacturing Director,2,Single,11843,20512,3,Y,No,22,3,3,8,1,28,1,4,33,13,3,16
1839,60,No,Research & Development,22,4,Human Resources,1,2,Female,83,2,4,Healthcare Representative,1,Married,7624,7652,3,Y,No,14,3,3,8,1,20,2,1,29,6,11,12
1840,65,No,Sales,16,4,Other,1,4,Male,71,3,2,Sales Representative,3,Single,5338,14945,8,Y,Yes,22,4,2,8,1,34,3,2,30,11,13,5
1841,28,Yes,Research & Development,19,4,Human Resources,1,1,Male,74,1,3,Manufacturing Director,2,Single,2486,12551,2,Y,No,14,4,2,8,1,9,3,1,21,1,9,1
1842,64,No,Sales,11,1,Medical,1,1,Male,43,3,2,Laboratory Technician,4,Married,8338,5721,4,Y,No,22,4,2,8,3,22,6,2,24,17,5,7
1843,40,No,Research & Development,13,4,Human Resources,1,2,Female,58,1,4,Research Scientist,1,Divorced,7453,13749,0,Y,No,23,4,2,8,0,38,2,3,3,12,1,3
1844,33,No,Research & Development,27,4,Medical,1,1,Female,35,2,3,Manufacturing Director,1,Single,17394,7406,5,Y,Yes,18,3,3,8,1,24,5,1,34,12,2,8
1845,48,No,Research & Development,10,2,Medical,1,3,Female,36,2,1,Manufacturing Director,3,Divorced,12415,20932,2,Y,Yes,13,4,3,8,0,23,5,2,40,4,11,6
1846,28,No,Sales,3,4,Medical,1,1,Male,66,3,3,Healthcare Representative,3,Married,7852,10754,0,Y,Yes,15,3,3,8,2,19,2,1,8,6,14,0
1847,33,No,Research & Development,9,1,Medical,1,2,Male,82,2,3,Reseach Director,2,Single,6981,19846,5,Y,Yes,21,3,2,8,0,14,2,4,25,11,9,13
1848,25,No,Sales,28,1,Medical,1,3,Male,47,1,4,Human Resources,4,Married,16304,9721,1,Y,No,15,3,1,8,1,20,4,2,26,13,0,1
1849,21,No,Sales,12,1,Technical Degree,1,3,Male,67,2,1,Research Scientist,4,Married,6114,13416,7,Y,Yes,12,4,3,8,0,11,0,3,26,0,6,7
1850,57,No,Research & Development,23,2,Human Resources,1,4,Female,88,2,1,Healthcare Representative,3,Married,11940,19650,1,Y,No,19,3,1,8,3,17,5,4,17,9,8,10
1851,21,No,Research & Development,14,2,Technical Degree,1,1,Female,30,1,1,Human Resources,3,Married,8711,18586,3,Y,Yes,14,4,1,8,3,22,4,3,29,8,1,4
1852,42,No,Sales,1,3,Technical Degree,1,2,Female,97,3,4,Laboratory Technician,2,Single,15145,22035,2,Y,No,19,4,1,8,1,40,3,4,30,9,6,17
1853,20,No,Sales,18,4,Life Sciences,1,4,Male,73,3,4,Sales Executive,3,Divorced,3608,8784,8,Y,Yes,19,4,2,8,0,28,3,3,2,6,14,11
1854,49,No,Human Resources,17,2,Life Sciences,1,4,Male,76,2,4,Research Scientist,2,Divorced,3244,11310,1,Y,Yes,12,3,2,8,2,40,3,3,28,15,2,4
1855,20,No,Sales,27,1,Life Sciences,1,1,Female,64,1,4,Manager,2,Single,6482,13838,2,Y,Yes,19,4,3,8,3,35,2,1,6,11,4,6
1856,44,No,Human Resources,9,1,Other,1,1,Male,89,3,4,Healthcare Representative,4,Single,1027,17464,6,Y,No,19,4,3,8,1,4,1,4,17,11,5,1
1857,46,No,Human Resources,9,2,Life Sciences,1,2,Female,81,3,1,Sales Executive,2,Divorced,1867,21709,3,Y,No,12,3,2,8,3,38,4,1,15,18,7,16
1858,49,No,Human Resources,23,2,Human Resources,1,4,Male,37,2,2,Sales Executive,4,Divorced,6389,14723,5,Y,Yes,21,4,2,8,1,25,1,1,31,12,3,12
1859,36,No,Research & Development,10,2,Technical Degree,1,2,Male,70,1,4,Manufacturing Director,4,Single,4041,3564,2,Y,Yes,23,3,1,8,0,38,6,1,37,17,1,10
1860,38,No,Research & Development,19,3,Human Resources,1,4,Female,32,3,2,Manufacturing Director,4,Married,19924,16691,0,Y,Yes,16,3,2,8,0,10,0,1,24,2,2,4
1861,22,Yes,Sales,29,1,Life Sciences,1,4,Female,98,2,3,Manager,3,Single,8480,6964,5,Y,Yes,19,4,2,8,0,10,0,3,31,6,7,12
1862,35,No,Human Resources,15,3,Other,1,4,Male,43,2,3,Manager,4,Divorced,5728,12665,3,Y,Yes,14,4,2,8,0,17,4,1,18,0,6,12
1863,45,Yes,Research & Development,28,3,Other,1,1,Female,55,2,4,Manager,1,Married,13952,15783,1,Y,Yes,12,4,2,8,0,11,3,1,2,2,5,7
1864,59,No,Research & Development,15,4,Technical Degree,1,4,Female,99,2,3,Sales Executive,3,Divorced,5872,13574,6,Y,No,17,4,1,8,1,15,6,1,34,13,4,10
1865,39,No,Research & Development,20,1,Human Resources,1,4,Male,87,3,2,Human Resources,2,Married,5047,6845,4,Y,No,25,3,3,8,3,26,5,3,28,3,10,7
1866,38,No,Research & Development,23,1,Medical,1,4,Male,69,1,3,Reseach Director,3,Divorced,19845,3925,5,Y,No,19,4,1,8,2,35,0,4,10,18,4,9
1867,23,No,Research & Development,25,2,Human Resources,1,3,Male,80,2,3,Reseach Director,2,Married,3855,8020,5,Y,No,16,4,2,8,3,16,1,3,5,5,0,10
1868,18,No,Human Resources,28,2,Life Sciences,1,1,Female,34,2,2,Reseach Director,1,Single,9073,10737,8,Y,No,21,3,2,8,0,20,1,3,18,8,13,0
1869,22,No,Human Resources,2,4,Medical,1,3,Male,61,3,3,Research Scientist,1,Single,12403,8908,1,Y,No,21,4,3,8,3,36,5,3,36,10,5,6
1870,58,No,Human Resources,13,3,Other,1,1,Male,30,2,4,Research Scientist,1,Married,7631,19216,5,Y,Yes,24,4,3,8,3,30,2,4,26,14,12,7
1871,29,No,Human Resources,24,2,Technical Degree,1,2,Male,83,2,2,Manager,2,Married,13304,9348,8,Y,Yes,14,4,3,8,1,34,3,1,4,8,8,5
1872,43,No,Sales,16,2,Technical Degree,1,3,Male,40,1,2,Reseach Director,3,Single,12791,20856,3,Y,Yes,11,4,1,8,2,26,2,1,25,10,7,13
1873,63,No,Human Resources,15,1,Other,1,2,Male,82,2,1,Laboratory Technician,4,Single,2168,12641,5,Y,Yes,14,4,3,8,2,22,4,4,34,9,11,6
1874,51,No,Research & Development,25,1,Life Sciences,1,4,Female,37,3,1,Manufacturing Director,4,Married,5635,17154,6,Y,Yes,13,3,2,8,0,31,0,4,18,1,9,2
1875,31,No,Human Resources,10,2,Other,1,2,Male,54,1,2,Laboratory Technician,2,Married,4731,11727,0,Y,No,17,4,2,8,1,16,5,2,16,13,14,1
1876,43,No,Sales,14,1,Life Sciences,1,2,Male,69,3,2,Reseach Director,2,Single,12639,22156,4,Y,No,21,3,2,8,1,10,5,1,34,3,0,17
1877,62,No,Research & Development,10,4,Medical,1,2,Female,61,1,1,Reseach Director,2,Divorced,12283,12032,3,Y,No,23,3,1,8,1,0,5,3,12,1,10,2
1878,44,No,Human Resources,25,2,Other,1,2,Male,57,1,4,Manufacturing Director,2,Single,15897,4493,1,Y,No,21,3,3,8,1,27,2,3,13,4,12,13
1879,26,No,Human Resources,14,1,Life Sciences,1,1,Male,32,2,3,Reseach Director,4,Married,7598,15203,1,Y,No,20,3,3,8,1,17,2,1,29,13,5,17
1880,43,No,Human Resources,26,4,Medical,1,3,Female,91,2,3,Healthcare Representative,3,Married,16482,13455,1,Y,Yes,15,4,3,8,2,40,4,4,16,14,2,12
1881,64,Yes,Research & Development,23,1,Other,1,1,Male,56,2,3,Sales Executive,4,Divorced,3252,14524,6,Y,No,22,4,3,8,2,19,1,2,36,18,5,7
1882,39,No,Research & Development,9,1,Technical Degree,1,1,Female,74,3,2,Manufacturing Director,2,Single,9186,25653,3,Y,No,13,3,2,8,3,6,1,3,14,5,8,3
1883,64,No,Sales,25,1,Other,1,1,Male,54,2,4,Reseach Director,1,Married,2769,20482,5,Y,No,24,4,1,8,2,36,6,2,17,14,5,14
1884,47,No,Research & Development,14,2,Human Resources,1,2,Female,90,2,1,Research Scientist,4,Single,17211,12070,6,Y,Yes,12,4,3,8,1,15,4,3,13,13,14,11
1885,60,Yes,Research & Development,22,3,Other,1,1,Female,73,1,4,Research Scientist,1,Married,6451,19885,8,Y,Yes,23,3,2,8,3,38,5,1,13,7,7,13
1886,65,No,Human Resources,20,1,Human Resources,1,3,Male,75,2,4,Sales Executive,1,Divorced,15974,20238,1,Y,Yes,12,4,2,8,2,22,1,1,32,11,13,6
1887,34,No,Research & Development,16,4,Medical,1,1,Female,43,2,3,Research Scientist,2,Single,4245,3001,8,Y,Yes,15,3,1,8,3,31,4,3,37,3,14,11
1888,43,No,Human Resources,2,2,Other,1,4,Female,37,2,1,Sales Representative,4,Single,16620,2852,4,Y,Yes,23,3,3,8,2,16,1,2,10,5,5,8
1889,53,No,Human Resources,10,2,Medical,1,2,Male,77,2,4,Sales Representative,3,Divorced,9244,25114,5,Y,Yes,23,4,1,8,0,18,6,2,10,10,5,9
1890,18,No,Research & Development,3,4,Medical,1,4,Male,43,1,1,Sales Representative,4,Married,16838,7704,5,Y,No,18,4,3,8,2,33,4,1,25,6,15,7
1891,25,No,Sales,11,1,Life Sciences,1,3,Female,94,2,2,Sales Executive,3,Married,9689,5332,2,Y,No,18,4,1,8,3,13,1,3,2,3,14,1
1892,52,No,Sales,11,3,Medical,1,3,Male,36,1,3,Sales Executive,3,Single,12349,2622,6,Y,No,24,3,3,8,0,2,5,2,24,14,6,15
1893,32,No,Research & Development,21,1,Medical,1,3,Female,78,3,1,Manufacturing Director,2,Divorced,10157,11643,6,Y,Yes,22,3,3,8,1,38,2,4,16,0,10,17
1894,64,No,Sales,21,4,Other,1,3,Female,84,2,2,Manager,3,Single,11315,12311,7,Y,Yes,15,4,1,8,3,24,2,1,21,8,12,9
1895,39,No,Human Resources,22,2,Other,1,1,Male,42,2,2,Sales Representative,4,Single,18508,18308,4,Y,Yes,23,3,3,8,1,10,6,4,28,7,9,5
1896,31,Yes,Human Resources,13,3,Technical Degree,1,2,Male,85,2,2,Research Scientist,1,Married,19174,4652,1,Y,Yes,12,4,1,8,1,14,5,2,25,11,15,5
1897,43,No,Research & Development,7,2,Life Sciences,1,3,Female,85,1,4,Laboratory Technician,1,Married,12027,20653,2,Y,No,23,4,1,8,3,18,1,4,33,6,10,12
1898,45,Yes,Sales,21,4,Medical,1,4,Male,44,2,4,Manager,2,Married,19269,7195,8,Y,Yes,14,4,3,8,1,14,5,1,25,17,3,16
1899,40,No,Sales,17,1,Life Sciences,1,3,Male,86,2,3,Manufacturing Director,2,Married,12151,26182,5,Y,Yes,17,4,3,8,3,14,4,4,8,0,12,1
1900,31,No,Human Resources,2,3,Human Resources,1,2,Female,87,3,3,Research Scientist,2,Married,10555,20013,7,Y,Yes,24,3,1,8,3,37,2,2,39,8,12,17
1901,41,No,Research & Development,12,2,Medical,1,4,Female,64,1,2,Reseach Director,4,Divorced,4285,11557,7,Y,Yes,16,4,2,8,2,14,0,4,10,6,7,6
1902,19,No,Sales,25,2,Life Sciences,1,4,Female,45,1,3,Manufacturing Director,3,Single,17841,4873,4,Y,Yes,20,3,1,8,0,8,6,4,6,13,14,13
1903,62,No,Research & Development,10,2,Technical Degree,1,4,Female,37,3,4,Sales Representative,2,Divorced,17017,19422,0,Y,No,17,3,2,8,1,4,1,4,29,0,3,14
1904,43,Yes,Sales,18,1,Technical Degree,1,1,Female,74,1,3,Sales Representative,2,Single,5181,7349,5,Y,Yes,15,3,2,8,1,18,0,1,1,12,14,7
1905,31,No,Human Resources,22,3,Medical,1,3,Female,69,2,1,Reseach Director,3,Married,14192,23573,6,Y,Yes,12,3,1,8,0,23,0,2,29,14,6,8
1906,24,No,Human Resources,27,1,Human Resources,1,1,Male,83,2,4,Human Resources,1,Divorced,13845,20987,8,Y,No,18,3,1,8,0,28,6,4,3,4,0,10
1907,20,No,Research & Development,11,1,Technical Degree,1,4,Female,43,3,2,Manufacturing Director,2,Single,9998,4280,1,Y,Yes,24,3,1,8,0,4,3,2,13,4,11,2
1908,64,No,Human Resources,16,1,Technical Degree,1,1,Male,88,1,2,Reseach Director,1,Married,14749,8155,1,Y,Yes,22,4,2,8,0,21,0,4,12,13,8,13
1909,40,No,Sales,17,4,Human Resources,1,1,Male,82,1,3,Sales Executive,2,Married,14111,17707,0,Y,No,12,3,1,8,0,12,0,1,24,13,9,7
1910,63,No,Human Resources,19,4,Life Sciences,1,1,Female,56,1,4,Manufacturing Director,3,Divorced,16366,2973,4,Y,No,22,4,1,8,2,28,5,1,12,13,8,2
1911,60,No,Research & Development,18,4,Technical Degree,1,3,Male,76,3,2,Research Scientist,2,Divorced,19575,3939,1,Y,No,18,3,3,8,3,15,3,1,12,4,6,17
1912,64,No,Research & Development,3,3,Other,1,4,Female,35,2,2,Human Resources,4,Divorced,16622,8691,2,Y,No,25,4,3,8,0,35,3,4,36,10,7,13
1913,62,No,Research & Development,21,1,Technical Degree,1,4,Male,84,3,4,Healthcare Representative,3,Married,4335,20451,1,Y,No,17,4,3,8,2,16,3,2,5,18,1,7
1914,35,No,Sales,27,1,Life Sciences,1,3,Female,73,2,4,Laboratory Technician,2,Single,1728,25053,3,Y,No,13,3,1,8,0,19,6,1,25,4,9,16
1915,55,No,Sales,26,4,Life Sciences,1,1,Female,47,3,2,Manufacturing Director,1,Single,18915,24202,2,Y,No,23,4,1,8,0,13,4,3,13,3,13,7
1916,52,Yes,Sales,17,1,Medical,1,1,Female,45,2,3,Manager,1,Divorced,2078,6660,8,Y,No,14,4,1,8,1,5,3,1,7,14,13,4
1917,32,No,Sales,6,1,Other,1,2,Female,41,1,3,Sales Executive,3,Single,8758,18406,1,Y,No,23,3,2,8,1,21,5,1,23,6,11,11
1918,42,No,Sales,25,2,Life Sciences,1,2,Male,49,1,3,Reseach Director,1,Married,13944,9255,6,Y,No,17,3,2,8,1,39,4,3,21,4,14,1
1919,54,No,Human Resources,12,1,Human Resources,1,2,Male,74,1,1,Sales Representative,3,Single,5896,13248,2,Y,Yes,14,3,3,8,1,8,1,1,39,14,9,16
1920,45,Yes,Sales,22,2,Other,1,3,Male,93,3,4,Reseach Director,1,Married,12276,25058,7,Y,No,19,3,2,8,3,31,4,1,38,13,6,12
1921,27,No,Sales,15,1,Other,1,4,Male,88,3,2,Reseach Director,3,Divorced,19549,13347,3,Y,No,17,3,2,8,3,23,1,4,20,2,0,13
1922,56,No,Human Resources,15,3,Human Resources,1,2,Male,51,3,1,Human Resources,2,Single,8953,13412,3,Y,No,11,3,2,8,1,32,3,1,25,4,2,8
1923,34,No,Sales,16,4,Technical Degree,1,4,Female,76,1,3,Manufacturing Director,3,Married,16943,4308,8,Y,No,11,3,3,8,1,12,3,2,9,11,5,8
1924,56,Yes,Research & Development,29,2,Human Resources,1,4,Female,58,2,1,Reseach Director,2,Divorced,13756,7793,2,Y,No,25,3,3,8,0,34,1,2,12,13,4,8
1925,39,No,Sales,12,4,Human Resources,1,4,Female,74,1,2,Human Resources,4,Divorced,11514,26493,6,Y,Yes,14,4,2,8,0,5,2,1,13,4,4,5
1926,43,No,Sales,28,2,Technical Degree,1,3,Female,38,1,2,Healthcare Representative,2,Divorced,14458,21084,0,Y,Yes,24,3,1,8,1,39,5,3,8,3,8,11
1927,61,No,Research & Development,13,2,Technical Degree,1,3,Female,53,2,4,Research Scientist,1,Divorced,12706,13872,6,Y,Yes,24,4,3,8,1,29,4,4,6,15,5,9
1928,42,No,Research & Development,4,2,Technical Degree,1,3,Male,44,2,3,Healthcare Representative,3,Single,5148,12786,1,Y,No,23,3,2,8,1,37,5,4,38,6,2,4
1929,34,No,Research & Development,7,3,Technical Degree,1,3,Female,65,2,3,Manufacturing Director,3,Married,16230,6901,5,Y,No,19,3,1,8,0,15,5,4,30,2,15,17
1930,30,No,Research & Development,22,1,Technical Degree,1,2,Female,42,2,1,Sales Representative,4,Single,8096,24821,8,Y,Yes,23,3,1,8,1,0,0,1,15,3,14,6
1931,37,No,Sales,2,2,Human Resources,1,1,Male,73,1,3,Healthcare Representative,1,Married,1641,18654,5,Y,No,14,3,3,8,1,17,3,4,7,5,1,12
1932,42,No,Research & Development,26,3,Medical,1,1,Male,65,3,1,Human Resources,2,Divorced,3208,16484,2,Y,No,23,4,1,8,3,21,4,1,14,2,13,0
1933,21,No,Research & Development,27,2,Medical,1,1,Female,90,1,2,Human Resources,1,Single,15557,9863,0,Y,Yes,15,4,3,8,3,25,5,1,24,0,8,5
1934,27,Yes,Human Resources,18,1,Life Sciences,1,2,Female,69,2,2,Laboratory Technician,3,Divorced,12264,26447,3,Y,No,11,3,2,8,0,13,4,2,37,2,14,7
1935,20,Yes,Research & Development,26,2,Medical,1,1,Male,56,3,2,Manager,2,Married,18015,4021,3,Y,No,25,4,3,8,3,36,5,3,40,7,9,8
1936,58,No,Research & Development,15,3,Medical,1,2,Female,30,3,2,Manager,3,Divorced,7082,16398,7,Y,No,24,3,1,8,0,13,3,3,14,15,13,6
1937,62,No,Human Resources,8,1,Human Resources,1,2,Female,63,1,2,Manufacturing Director,3,Single,17753,21024,6,Y,No,12,4,3,8,2,25,5,3,24,6,3,9
1938,35,No,Human Resources,7,3,Technical Degree,1,2,Female,97,1,1,Laboratory Technician,1,Single,11568,23310,6,Y,No,21,3,3,8,1,35,1,4,6,17,10,7
1939,64,No,Sales,15,1,Technical Degree,1,1,Male,50,1,2,Sales Executive,4,Married,17106,16336,6,Y,No,14,4,2,8,0,22,3,2,25,8,4,1
1940,53,No,Human Resources,23,1,Human Resources,1,4,Female,62,3,1,Reseach Director,3,Married,9410,2203,1,Y,No,22,4,1,8,3,1,4,2,7,2,8,17
1941,64,No,Sales,14,4,Medical,1,1,Female,36,3,2,Healthcare Representative,1,Single,12668,13503,8,Y,Yes,14,4,3,8,2,38,6,1,17,17,4,14
1942,39,Yes,Human Resources,8,4,Human Resources,1,1,Male,94,3,1,Reseach Director,2,Single,10131,26424,5,Y,Yes,21,3,2,8,3,6,2,2,20,15,6,5
1943,51,No,Human Resources,28,4,Life Sciences,1,3,Male,32,2,1,Sales Executive,4,Single,14903,19190,1,Y,No,20,4,2,8,0,38,5,1,15,0,1,13
1944,64,No,Sales,12,1,Technical Degree,1,2,Male,80,2,1,Sales Representative,3,Single,1886,13208,0,Y,No,16,3,2,8,2,21,1,2,2,15,1,17
1945,25,Yes,Human Resources,17,2,Other,1,4,Female,83,1,3,Laboratory Technician,3,Married,14784,24510,0,Y,Yes,23,4,2,8,3,27,3,1,0,11,3,2
1946,57,No,Sales,11,3,Life Sciences,1,3,Male,88,3,1,Reseach Director,2,Single,11700,17799,0,Y,Yes,16,3,2,8,2,37,0,4,12,5,7,0
1947,61,No,Human Resources,17,3,Life Sciences,1,4,Female,35,1,1,Laboratory Technician,1,Married,17119,19857,3,Y,Yes,18,3,3,8,1,19,6,2,31,8,1,0
1948,36,No,Research & Development,29,3,Human Resources,1,4,Male,58,3,2,Laboratory Technician,3,Single,3532,5219,3,Y,Yes,22,3,3,8,1,17,6,3,11,12,9,13
1949,59,No,Human Resources,17,4,Medical,1,2,Female,46,1,1,Human Resources,2,Single,13552,15192,8,Y,Yes,23,4,1,8,2,23,3,1,30,11,6,0
1950,58,No,Sales,24,1,Technical Degree,1,1,Male,89,2,1,Research Scientist,3,Divorced,7279,25959,0,Y,Yes,19,4,3,8,3,32,6,2,40,12,15,0
1951,54,No,Human Resources,4,4,Other,1,2,Female,51,3,4,Manufacturing Director,1,Divorced,6097,13295,2,Y,Yes,24,3,1,8,3,25,4,2,1,17,12,3
1952,23,No,Sales,21,2,Life Sciences,1,2,Female,53,2,3,Manager,4,Single,8573,3300,2,Y,No,11,3,1,8,3,18,4,1,40,18,12,11
1953,43,No,Sales,8,1,Other,1,3,Male,80,3,4,Laboratory Technician,1,Married,8075,13409,7,Y,Yes,11,3,1,8,1,12,0,2,7,18,0,14
1954,51,No,Research & Development,5,3,Medical,1,2,Male,79,1,2,Reseach Director,1,Single,7554,2128,1,Y,Yes,25,4,3,8,0,9,1,3,24,18,8,3
1955,62,Yes,Research & Development,21,4,Medical,1,1,Female,40,3,3,Reseach Director,1,Divorced,3330,20304,5,Y,Yes,16,4,2,8,0,13,4,2,4,5,9,9
1956,23,No,Sales,16,4,Other,1,4,Male,85,2,3,Healthcare Representative,2,Single,14141,13344,3,Y,No,14,4,1,8,2,8,1,1,1,15,5,10
1957,54,No,Human Resources,4,2,Technical Degree,1,2,Female,71,3,4,Laboratory Technician,3,Divorced,9339,21817,5,Y,No,21,4,2,8,3,10,1,1,37,6,10,5
1958,50,No,Sales,28,2,Medical,1,4,Male,68,1,3,Research Scientist,4,Single,9303,9098,4,Y,No,14,4,1,8,2,2,3,1,38,6,0,9
1959,39,No,Sales,22,4,Other,1,2,Male,98,3,4,Manufacturing Director,2,Single,14562,17159,8,Y,Yes,11,3,3,8,0,39,1,1,2,18,9,11
1960,38,No,Human Resources,29,2,Life Sciences,1,4,Female,77,2,1,Manufacturing Director,1,Married,6342,26151,8,Y,Yes,19,3,1,8,0,11,5,3,37,15,5,2
1961,23,No,Human Resources,15,3,Other,1,2,Male,86,1,4,Sales Representative,4,Divorced,8867,7439,0,Y,Yes,22,3,3,8,3,34,4,1,21,16,13,14
1962,23,No,Human Resources,12,2,Other,1,3,Male,50,2,3,Sales Representative,1,Divorced,6398,26366,2,Y,No,21,3,2,8,2,38,4,3,39,18,4,15
1963,65,No,Human Resources,5,2,Human Resources,1,4,Female,49,3,3,Healthcare Representative,1,Divorced,19241,2901,0,Y,No,13,4,3,8,3,38,2,3,32,15,13,9
1964,21,Yes,Sales,23,4,Medical,1,2,Female,44,2,2,Manager,1,Married,4214,6210,5,Y,No,25,4,2,8,0,31,6,2,31,15,11,10
1965,47,Yes,Sales,16,4,Technical Degree,1,2,Male,98,3,2,Sales Representative,2,Single,3170,20002,2,Y,No,15,3,3,8,0,38,1,1,16,18,4,15
1966,28,No,Research & Development,14,1,Technical Degree,1,3,Female,80,1,2,Sales Executive,3,Married,18857,15175,0,Y,No,20,4,1,8,3,13,2,3,17,14,4,16
1967,47,No,Sales,10,1,Human Resources,1,3,Male,91,2,2,Healthcare Representative,1,Single,1652,18971,5,Y,No,11,3,1,8,2,0,3,1,2,2,3,13
1968,48,No,Human Resources,7,4,Technical Degree,1,3,Male,66,2,3,Manufacturing Director,3,Married,15995,15279,4,Y,Yes,18,4,3,8,1,26,2,3,5,14,6,15
1969,41,No,Research & Development,13,2,Other,1,4,Female,35,3,2,Manufacturing Director,4,Married,12637,2516,7,Y,No,13,4,2,8,3,36,6,1,12,15,14,13
1970,26,No,Human Resources,20,2,Human Resources,1,4,Female,55,2,4,Research Scientist,4,Divorced,6360,21223,1,Y,No,24,3,2,8,0,0,1,2,30,4,12,5
1971,20,No,Sales,28,1,Life Sciences,1,3,Female,37,2,1,Sales Executive,1,Married,5562,4074,7,Y,No,25,3,2,8,1,28,6,2,16,18,8,9
1972,48,No,Research & Development,29,1,Medical,1,1,Female,33,1,3,Manager,3,Single,7527,19944,4,Y,No,11,3,3,8,3,23,4,3,20,9,12,16
1973,57,No,Human Resources,5,1,Medical,1,1,Female,50,3,2,Reseach Director,3,Married,6732,26204,7,Y,Yes,20,4,3,8,1,16,3,4,15,12,3,9
1974,54,No,Research & Development,29,3,Medical,1,2,Female,60,3,3,Healthcare Representative,1,Married,8955,18010,3,Y,Yes,16,4,3,8,3,34,1,4,16,14,1,9
1975,53,No,Research & Development,3,3,Other,1,1,Male,50,1,2,Sales Representative,2,Single,1619,25246,3,Y,No,11,4,3,8,0,30,3,2,31,11,15,13
1976,41,No,Sales,15,1,Life Sciences,1,2,Male,54,1,3,Human Resources,2,Divorced,5311,17490,3,Y,Yes,25,3,2,8,3,31,0,3,0,16,1,16
1977,48,No,Human Resources,4,2,Human Resources,1,4,Female,44,3,2,Research Scientist,4,Single,2552,14084,5,Y,Yes,25,3,2,8,1,18,1,3,37,14,1,8
1978,23,No,Research & Development,15,1,Human Resources,1,4,Male,64,1,1,Manufacturing Director,4,Single,2475,3325,3,Y,Yes,13,3,3,8,2,30,0,3,7,3,6,14
1979,19,Yes,Research & Development,25,3,Medical,1,1,Male,78,1,2,Human Resources,2,Single,10117,12081,8,Y,Yes,15,4,3,8,0,38,2,2,0,14,3,6
1980,37,Yes,Human Resources,20,2,Life Sciences,1,4,Male,72,1,4,Healthcare Representative,2,Married,15665,16638,8,Y,Yes,14,4,2,8,0,19,1,2,1,16,3,1
1981,45,No,Research & Development,19,3,Life Sciences,1,3,Male,70,3,3,Laboratory Technician,2,Married,7245,10848,2,Y,Yes,17,3,2,8,1,27,0,3,36,10,0,3
1982,28,No,Research & Development,13,2,Life Sciences,1,3,Female,66,1,3,Manager,1,Single,14728,5111,6,Y,Yes,16,3,1,8,3,2,5,2,23,14,3,17
1983,21,No,Research & Development,10,3,Technical Degree,1,1,Male,86,2,4,Laboratory Technician,1,Single,18574,3396,4,Y,No,22,3,3,8,3,31,4,2,26,6,5,10
1984,32,No,Human Resources,21,2,Technical Degree,1,1,Male,71,2,4,Healthcare Representative,1,Divorced,19539,26510,8,Y,Yes,13,4,1,8,3,21,2,1,19,12,1,4
1985,23,No,Human Resources,5,2,Medical,1,2,Female,76,3,1,Laboratory Technician,1,Married,19665,16236,1,Y,No,21,4,2,8,0,14,1,4,20,12,3,7
1986,47,Yes,Human Resources,15,2,Life Sciences,1,4,Female,90,1,3,Manager,1,Married,10052,18608,2,Y,Yes,18,3,2,8,0,37,1,2,36,1,10,4
1987,55,No,Human Resources,23,2,Life Sciences,1,2,Female,43,2,1,Healthcare Representative,1,Married,5545,18924,4,Y,Yes,18,3,3,8,1,18,4,1,34,9,6,1
1988,19,Yes,Sales,20,4,Human Resources,1,2,Female,97,3,3,Human Resources,4,Married,18112,24883,4,Y,Yes,24,3,1,8,3,30,4,4,37,17,12,4
1989,32,No,Research & Development,29,3,Human Resources,1,3,Male,82,2,3,Laboratory Technician,3,Single,11215,12114,6,Y,No,12,4,2,8,3,25,6,3,14,4,8,2
1990,28,No,Human Resources,20,3,Medical,1,3,Female,63,1,1,Manager,4,Single,4651,12442,7,Y,Yes,17,4,1,8,1,4,0,3,29,18,1,11
1991,25,No,Research & Development,25,4,Life Sciences,1,3,Male,53,3,3,Sales Representative,3,Divorced,13071,13910,7,Y,No,24,4,1,8,0,19,0,1,3,1,7,6
1992,43,Yes,Research & Development,20,2,Medical,1,3,Male,49,2,3,Reseach Director,4,Married,17456,2941,0,Y,Yes,11,3,1,8,0,1,0,3,38,3,13,3
1993,62,Yes,Sales,4,2,Human Resources,1,2,Female,98,3,1,Manager,4,Married,14064,23833,0,Y,Yes,12,3,1,8,2,20,6,1,14,15,5,13
1994,61,No,Human Resources,2,3,Human Resources,1,3,Female,59,2,2,Research Scientist,1,Single,1568,6054,2,Y,No,18,3,1,8,2,35,3,1,22,15,7,17
1995,22,No,Human Resources,22,4,Technical Degree,1,4,Female,36,2,1,Reseach Director,1,Divorced,2742,6946,0,Y,Yes,22,3,3,8,3,27,2,3,40,16,1,6
1996,23,No,Research & Development,16,2,Medical,1,3,Female,65,1,3,Sales Representative,3,Single,9870,3631,0,Y,Yes,11,3,3,8,0,19,1,4,14,14,13,14
1997,43,No,Human Resources,18,2,Medical,1,3,Female,67,1,4,Sales Executive,3,Married,2551,20375,7,Y,Yes,12,3,1,8,3,36,2,1,25,12,10,0
1998,21,No,Research & Development,5,2,Life Sciences,1,3,Female,81,2,2,Human Resources,1,Married,10472,5036,0,Y,No,22,3,3,8,0,38,4,4,11,0,0,11
1999,36,No,Research & Development,22,1,Life Sciences,1,1,Male,44,3,4,Manufacturing Director,4,Divorced,3424,23433,8,Y,Yes,11,3,2,8,2,35,5,4,17,4,6,5
2000,37,No,Sales,4,4,Technical Degree,1,4,Male,75,3,2,Sales Representative,3,Single,11992,24419,1,Y,Yes,15,3,1,8,1,10,2,1,5,0,12,12
2001,50,No,Sales,13,2,Other,1,4,Male,52,1,4,Reseach Director,2,Married,13914,5336,8,Y,Yes,17,3,3,8,0,2,2,4,17,11,8,5
2002,37,No,Sales,19,1,Other,1,2,Male,41,2,2,Reseach Director,2,Married,6396,24812,6,Y,No,16,3,3,8,2,36,0,1,23,14,8,12
2003,29,Yes,Research & Development,23,4,Other,1,2,Female,73,1,1,Research Scientist,1,Divorced,9196,15347,8,Y,Yes,16,4,2,8,2,19,4,3,37,3,14,14
2004,64,No,Human Resources,2,2,Medical,1,3,Female,44,2,2,Sales Executive,3,Married,7652,3683,2,Y,No,16,3,2,8,0,31,2,3,27,18,15,15
2005,18,Yes,Sales,25,3,Medical,1,1,Male,78,2,2,Manufacturing Director,1,Married,16676,26429,0,Y,Yes,18,3,2,8,3,24,1,2,14,15,1,7
2006,43,Yes,Human Resources,29,1,Human Resources,1,2,Male,50,1,2,Research Scientist,2,Single,12255,17860,0,Y,Yes,15,4,2,8,0,20,0,3,18,17,15,12
2007,31,No,Sales,22,1,Medical,1,2,Male,44,3,3,Sales Representative,1,Divorced,3467,9947,5,Y,No,25,3,1,8,2,15,6,3,4,16,3,12
2008,55,Yes,Sales,15,2,Medical,1,3,Female,43,1,4,Reseach Director,2,Divorced,7037,26271,6,Y,No,20,4,3,8,0,0,2,2,3,10,12,11
2009,54,No,Research & Development,4,2,Medical,1,3,Female,71,2,1,Sales Representative,3,Divorced,6456,26751,8,Y,No,17,4,3,8,1,22,4,4,16,12,0,16
2010,28,No,Sales,22,1,Technical Degree,1,2,Female,44,1,4,Manager,2,Single,2957,22218,5,Y,No,13,3,2,8,3,23,5,4,9,8,10,2
2011,53,No,Sales,20,3,Medical,1,2,Male,92,3,4,Sales Executive,3,Divorced,7315,20603,4,Y,No,19,3,3,8,0,24,1,2,11,16,6,14
2012,30,No,Research & Development,20,3,Life Sciences,1,4,Male,97,3,1,Human Resources,2,Married,9260,3693,1,Y,Yes,20,4,3,8,2,6,5,2,4,16,1,16
2013,60,Yes,Human Resources,15,4,Life Sciences,1,1,Female,56,2,3,Manager,2,Divorced,9101,14901,1,Y,Yes,13,3,3,8,2,37,4,1,6,4,3,5
2014,20,No,Sales,4,2,Human Resources,1,4,Female,82,1,2,Sales Executive,1,Married,13372,19698,7,Y,No,24,3,2,8,3,38,4,2,22,7,11,11
2015,50,No,Research & Development,9,3,Technical Degree,1,2,Male,81,3,3,Sales Executive,3,Divorced,15075,7782,0,Y,Yes,24,3,3,8,0,34,4,3,1,2,1,3
2016,23,No,Sales,7,4,Life Sciences,1,4,Male,92,1,3,Sales Representative,1,Divorced,17138,14613,7,Y,Yes,16,4,3,8,2,13,5,3,29,5,0,11
2017,27,No,Research & Development,19,3,Technical Degree,1,4,Female,82,3,2,Manager,1,Single,16785,3934,6,Y,No,13,4,3,8,3,8,3,3,36,2,6,1
2018,22,Yes,Human Resources,26,2,Technical Degree,1,2,Male,86,2,4,Sales Representative,3,Divorced,1198,12575,6,Y,No,11,3,1,8,1,2,1,1,4,7,5,6
2019,40,No,Human Resources,6,4,Human Resources,1,3,Female,81,2,2,Sales Representative,3,Divorced,12761,10150,4,Y,No,11,3,1,8,3,37,4,1,19,11,15,15
2020,27,No,Research & Development,6,4,Technical Degree,1,2,Female,72,1,1,Sales Representative,4,Single,8491,15796,2,Y,Yes,13,4,3,8,0,19,3,1,25,3,1,11
2021,61,No,Research & Development,20,4,Medical,1,3,Male,36,2,2,Reseach Director,2,Married,17688,7657,6,Y,No,14,4,3,8,0,40,0,1,38,1,13,15
2022,19,No,Research & Development,15,3,Technical Degree,1,2,Male,71,3,4,Reseach Director,4,Divorced,1808,13180,6,Y,Yes,24,3,3,8,2,32,3,4,5,9,3,13
2023,30,No,Human Resources,15,2,Human Resources,1,2,Male,33,2,3,Manufacturing Director,2,Divorced,10943,6580,6,Y,No,12,3,3,8,1,40,0,1,28,14,11,0
2024,57,No,Sales,25,4,Human Resources,1,2,Female,98,3,3,Human Resources,2,Married,9797,26676,1,Y,No,19,3,3,8,0,31,5,1,9,12,10,8
2025,19,No,Human Resources,20,1,Human Resources,1,1,Male,34,3,2,Research Scientist,2,Single,10918,25426,2,Y,No,25,4,3,8,2,35,6,2,15,14,2,6
2026,37,No,Research & Development,9,2,Life Sciences,1,3,Male,70,2,1,Human Resources,1,Divorced,13424,10998,2,Y,No,21,4,1,8,3,25,6,4,33,18,11,4
2027,18,No,Research & Development,4,1,Medical,1,1,Female,33,3,4,Laboratory Technician,1,Single,11799,4019,3,Y,Yes,18,3,2,8,3,4,3,3,30,17,2,9
2028,54,No,Human Resources,18,1,Life Sciences,1,2,Female,31,3,3,Research Scientist,3,Married,14855,17604,8,Y,Yes,22,4,3,8,0,29,5,2,35,12,2,9
2029,26,No,Research & Development,18,4,Other,1,4,Male,96,1,2,Manufacturing Director,2,Married,5723,10393,0,Y,Yes,23,3,3,8,1,16,4,1,40,0,10,17
2030,34,No,Human Resources,5,4,Medical,1,1,Female,50,1,1,Healthcare Representative,2,Single,12417,23405,6,Y,No,13,3,3,8,2,5,3,3,4,15,3,6
2031,26,Yes,Research & Development,20,3,Technical Degree,1,3,Female,99,1,1,Research Scientist,2,Married,3848,10549,6,Y,Yes,17,3,2,8,0,14,3,3,32,7,0,17
2032,28,Yes,Sales,23,3,Human Resources,1,2,Female,72,2,3,Sales Executive,1,Married,4522,7584,3,Y,Yes,14,3,3,8,2,0,4,3,18,5,0,12
2033,32,No,Sales,11,3,Other,1,1,Male,98,1,3,Healthcare Representative,3,Divorced,14610,5315,0,Y,Yes,15,3,3,8,3,12,0,2,31,2,6,10
2034,41,No,Research & Development,5,2,Medical,1,4,Male,38,3,4,Human Resources,1,Single,2144,24603,2,Y,No,14,4,2,8,2,33,4,4,22,15,4,9
2035,55,No,Human Resources,22,3,Life Sciences,1,1,Female,57,2,1,Healthcare Representative,4,Divorced,12922,23547,4,Y,Yes,19,4,3,8,3,29,1,4,2,1,2,8
2036,52,No,Sales,26,1,Human Resources,1,3,Female,55,2,4,Human Resources,4,Single,11110,3046,1,Y,No,21,3,2,8,1,18,6,3,0,1,8,14
2037,47,No,Human Resources,4,3,Life Sciences,1,1,Female,32,2,1,Manager,4,Divorced,19640,25526,6,Y,No,17,4,2,8,1,1,6,1,35,14,4,13
2038,48,Yes,Research & Development,18,4,Medical,1,4,Male,78,2,1,Laboratory Technician,3,Married,7557,11633,6,Y,Yes,23,3,3,8,3,11,3,4,40,9,9,2
2039,22,No,Human Resources,12,3,Medical,1,4,Female,46,3,2,Manufacturing Director,4,Single,5525,17099,4,Y,Yes,14,4,1,8,0,39,1,4,27,0,2,13
2040,61,No,Sales,2,2,Other,1,3,Female,92,3,3,Manufacturing Director,3,Single,5111,3666,5,Y,No,23,4,1,8,3,23,4,1,38,14,8,15
2041,31,Yes,Human Resources,19,2,Technical Degree,1,4,Male,84,1,1,Sales Executive,2,Single,17226,25144,0,Y,No,18,4,3,8,2,10,6,2,4,0,0,2
2042,28,No,Human Resources,10,1,Life Sciences,1,2,Female,52,2,4,Laboratory Technician,1,Single,18941,17766,3,Y,No,12,4,2,8,2,1,5,2,12,15,13,7
2043,26,No,Research & Development,9,2,Other,1,4,Male,63,1,3,Laboratory Technician,3,Married,5520,17518,3,Y,Yes,17,3,2,8,2,0,4,1,10,17,8,1
2044,51,Yes,Research & Development,21,3,Human Resources,1,2,Male,98,3,4,Sales Executive,2,Married,15033,9187,7,Y,No,21,4,2,8,0,27,2,2,21,4,13,1
2045,29,No,Research & Development,7,4,Technical Degree,1,1,Male,44,2,3,Human Resources,1,Married,12422,14115,1,Y,No,11,4,3,8,1,3,1,3,22,4,4,17
2046,52,No,Sales,4,2,Other,1,2,Female,76,3,3,Sales Executive,3,Divorced,17328,26196,0,Y,No,18,4,1,8,1,40,6,4,11,9,5,6
2047,52,No,Sales,19,1,Life Sciences,1,2,Female,32,1,1,Human Resources,4,Married,13724,5347,6,Y,Yes,23,4,2,8,2,29,2,2,20,11,1,16
2048,18,No,Research & Development,10,3,Medical,1,1,Male,57,3,2,Sales Executive,3,Divorced,8984,3150,5,Y,No,24,4,2,8,0,6,1,3,18,9,7,5
2049,57,No,Research & Development,3,1,Human Resources,1,4,Female,32,2,1,Research Scientist,2,Divorced,13630,4049,4,Y,No,22,4,3,8,2,21,5,3,4,1,14,9
2050,39,No,Sales,25,2,Life Sciences,1,2,Male,33,2,3,Research Scientist,1,Married,11520,25124,7,Y,No,24,4,1,8,1,25,2,3,23,0,15,6
2051,46,No,Sales,21,2,Technical Degree,1,4,Female,60,1,1,Manager,3,Married,11567,7036,1,Y,No,23,4,1,8,3,28,2,3,29,15,2,3
2052,25,No,Sales,29,1,Technical Degree,1,1,Male,74,2,1,Reseach Director,1,Married,1535,7150,1,Y,No,25,3,3,8,2,24,1,3,7,17,0,10
2053,28,No,Sales,19,3,Medical,1,3,Male,88,3,3,Sales Executive,4,Divorced,2762,4611,8,Y,Yes,16,3,1,8,2,9,4,1,1,6,6,15
2054,58,No,Research & Development,21,2,Medical,1,4,Female,74,3,3,Laboratory Technician,1,Single,15665,13937,0,Y,Yes,22,3,3,8,2,19,0,4,33,3,11,16
2055,54,Yes,Sales,2,4,Human Resources,1,4,Female,66,3,1,Research Scientist,1,Married,11229,26389,5,Y,No,15,4,2,8,1,13,4,4,22,9,2,5
2056,31,No,Research & Development,27,2,Human Resources,1,3,Female,94,3,1,Sales Representative,4,Divorced,19047,4662,2,Y,No,19,3,3,8,0,32,0,1,2,9,3,17
2057,47,No,Human Resources,20,3,Medical,1,3,Female,38,1,1,Human Resources,4,Divorced,13750,9542,4,Y,No,19,3,2,8,3,4,1,1,23,10,14,14
2058,52,No,Human Resources,10,2,Medical,1,1,Male,46,3,4,Research Scientist,4,Married,5850,22363,7,Y,No,13,3,3,8,3,5,3,3,17,2,4,1
2059,38,Yes,Sales,2,1,Technical Degree,1,4,Male,94,1,1,Research Scientist,2,Divorced,5050,9795,6,Y,No,19,4,2,8,3,21,4,2,36,13,0,5
2060,54,No,Human Resources,2,2,Medical,1,4,Female,32,3,4,Human Resources,3,Married,9974,24893,3,Y,No,23,3,2,8,2,16,2,4,30,12,10,11
2061,22,No,Human Resources,28,2,Other,1,1,Female,55,1,2,Manufacturing Director,3,Divorced,15427,17990,7,Y,Yes,25,3,3,8,1,14,4,2,13,18,10,0
2062,36,No,Human Resources,24,3,Life Sciences,1,4,Male,82,3,4,Healthcare Representative,4,Single,5426,16481,1,Y,No,23,3,2,8,3,38,1,4,0,9,8,10
2063,31,No,Sales,17,1,Medical,1,2,Female,60,3,1,Human Resources,1,Divorced,9986,17506,6,Y,No,19,3,1,8,2,39,3,3,13,14,6,3
2064,43,No,Sales,16,3,Human Resources,1,2,Female,55,1,2,Manager,4,Married,15596,2836,4,Y,Yes,12,3,3,8,0,27,3,2,40,7,1,5
2065,21,No,Human Resources,16,2,Other,1,2,Female,52,2,4,Human Resources,2,Single,1457,24896,5,Y,Yes,15,3,1,8,2,1,4,4,4,16,12,7
2066,42,No,Research & Development,14,4,Human Resources,1,4,Female,59,2,4,Human Resources,4,Married,5594,5606,2,Y,Yes,21,3,2,8,3,17,4,4,30,5,0,8
2067,62,No,Human Resources,7,2,Other,1,2,Male,39,2,3,Reseach Director,3,Divorced,13760,21406,6,Y,Yes,12,4,2,8,3,26,5,3,30,6,15,9
2068,59,No,Sales,21,3,Medical,1,2,Male,93,1,2,Human Resources,4,Single,9117,24013,6,Y,No,11,3,2,8,0,20,4,2,29,13,15,9
2069,42,No,Sales,11,4,Life Sciences,1,1,Female,51,2,3,Healthcare Representative,1,Single,16543,12963,1,Y,Yes,17,3,3,8,1,22,1,3,35,7,13,9
2070,35,No,Sales,24,3,Human Resources,1,1,Male,44,2,2,Healthcare Representative,3,Divorced,12452,15628,0,Y,Yes,14,4,2,8,0,6,0,2,0,11,10,3
2071,57,No,Human Resources,1,3,Other,1,3,Female,85,1,4,Sales Representative,1,Single,1303,25189,1,Y,Yes,15,4,1,8,0,18,5,2,2,17,1,17
2072,25,No,Research & Development,11,1,Technical Degree,1,3,Female,49,2,3,Manufacturing Director,4,Single,2247,2267,7,Y,No,14,4,1,8,3,8,0,4,19,13,2,11
2073,56,No,Sales,23,4,Medical,1,3,Female,76,2,1,Human Resources,3,Single,16330,19041,2,Y,No,16,4,3,8,3,11,2,1,20,0,11,10
2074,57,No,Sales,21,2,Life Sciences,1,3,Male,82,2,4,Reseach Director,2,Married,17083,5309,3,Y,No,21,4,1,8,1,29,6,2,29,3,2,15
2075,31,Yes,Human Resources,16,3,Medical,1,1,Male,82,1,2,Reseach Director,3,Married,14058,17198,7,Y,Yes,12,3,3,8,3,6,1,2,29,16,7,10
2076,49,Yes,Research & Development,18,2,Technical Degree,1,1,Male,30,1,2,Laboratory Technician,1,Single,3825,15788,2,Y,No,18,3,3,8,0,1,5,3,4,17,4,3
2077,55,No,Human Resources,26,1,Life Sciences,1,1,Male,31,2,3,Manufacturing Director,3,Divorced,2107,22833,5,Y,Yes,14,3,2,8,0,16,3,2,9,18,8,11
2078,50,No,Sales,15,1,Technical Degree,1,2,Male,87,2,3,Reseach Director,2,Divorced,15688,24449,1,Y,Yes,18,4,1,8,1,10,5,2,23,3,2,16
2079,40,No,Research & Development,18,4,Medical,1,2,Female,48,1,2,Healthcare Representative,2,Married,2746,11678,2,Y,Yes,13,3,1,8,3,11,2,2,38,5,15,12
2080,32,No,Research & Development,12,1,Other,1,3,Female,91,2,4,Laboratory Technician,2,Divorced,19582,7894,0,Y,Yes,22,3,1,8,3,2,3,2,5,7,5,3
2081,50,Yes,Sales,16,1,Medical,1,2,Male,41,1,3,Sales Executive,1,Single,3774,9126,8,Y,No,22,4,2,8,0,20,5,2,9,14,3,5
2082,42,No,Research & Development,1,2,Medical,1,4,Male,55,2,1,Reseach Director,1,Divorced,18615,18355,3,Y,No,21,4,3,8,0,13,3,1,9,0,7,6
2083,34,No,Research & Development,11,1,Medical,1,1,Male,56,1,2,Manager,3,Married,15239,11504,5,Y,No,15,3,1,8,3,14,4,4,24,4,11,7
2084,50,No,Human Resources,28,1,Human Resources,1,3,Female,58,3,1,Reseach Director,4,Married,12443,19423,6,Y,No,22,4,1,8,2,40,3,2,13,15,0,1
2085,64,No,Sales,1,3,Technical Degree,1,3,Male,44,3,2,Research Scientist,2,Single,13100,10868,1,Y,Yes,13,3,1,8,0,9,5,3,38,5,3,8
2086,19,No,Sales,15,1,Technical Degree,1,4,Female,75,1,1,Manufacturing Director,4,Married,1419,13146,7,Y,Yes,22,4,1,8,0,35,3,3,12,9,6,9
2087,31,No,Sales,28,3,Technical Degree,1,2,Female,30,3,4,Research Scientist,4,Married,5795,11904,8,Y,Yes,25,3,2,8,0,9,1,2,10,9,8,0
2088,57,No,Sales,21,1,Human Resources,1,3,Male,89,2,2,Sales Representative,3,Married,10078,21831,1,Y,Yes,23,3,3,8,1,16,4,2,38,4,12,15
2089,57,No,Sales,10,1,Other,1,2,Female,86,1,4,Reseach Director,4,Divorced,18179,23727,4,Y,Yes,17,3,1,8,3,24,4,2,10,7,0,17
2090,56,No,Research & Development,7,4,Medical,1,2,Female,32,1,3,Sales Executive,4,Married,19502,21667,1,Y,No,25,4,1,8,3,26,2,1,15,0,7,7
2091,23,No,Human Resources,2,4,Other,1,4,Male,47,2,2,Research Scientist,1,Divorced,6844,24323,4,Y,No,13,4,3,8,3,32,4,4,32,4,1,9
2092,23,No,Sales,10,3,Human Resources,1,3,Female,81,2,4,Research Scientist,4,Married,2995,13491,6,Y,Yes,25,4,2,8,0,10,0,3,40,0,3,10
2093,20,No,Human Resources,24,1,Technical Degree,1,2,Male,89,1,1,Manufacturing Director,3,Married,9135,17055,5,Y,Yes,22,4,2,8,3,12,1,1,40,6,3,16
2094,24,No,Human Resources,4,2,Medical,1,2,Female,63,2,4,Laboratory Technician,4,Divorced,10079,25192,3,Y,No,18,3,2,8,3,0,2,1,31,14,13,6
2095,25,No,Research & Development,12,4,Life Sciences,1,4,Male,89,1,2,Sales Executive,3,Divorced,8309,12860,1,Y,No,19,3,2,8,3,30,0,2,9,13,7,2
2096,59,No,Sales,19,2,Life Sciences,1,4,Male,55,2,4,Research Scientist,2,Single,16557,2623,6,Y,Yes,23,3,1,8,1,32,3,4,14,8,10,6
2097,32,Yes,Research & Development,26,4,Other,1,2,Female,48,1,1,Human Resources,4,Single,3412,19707,8,Y,No,22,3,3,8,1,20,6,2,15,7,1,5
2098,64,No,Sales,11,4,Technical Degree,1,4,Male,51,2,1,Sales Executive,4,Divorced,9271,20173,0,Y,No,12,4,3,8,0,15,0,3,26,7,6,2
2099,46,No,Research & Development,8,1,Life Sciences,1,2,Female,62,2,1,Human Resources,4,Married,11511,21846,2,Y,Yes,13,4,3,8,3,38,2,4,31,2,2,7
2100,50,No,Human Resources,18,4,Other,1,3,Female,67,3,3,Reseach Director,2,Single,7710,20021,6,Y,Yes,22,4,2,8,0,22,4,2,5,3,8,0
2101,47,No,Sales,11,2,Human Resources,1,1,Male,64,3,2,Research Scientist,1,Divorced,4304,13449,8,Y,No,23,4,2,8,0,9,1,3,35,16,4,4
2102,56,No,Human Resources,11,4,Other,1,4,Female,96,3,1,Research Scientist,4,Divorced,16696,3529,4,Y,No,17,3,3,8,0,32,6,1,7,5,13,12
2103,44,No,Human Resources,13,3,Other,1,1,Male,39,2,3,Healthcare Representative,3,Married,13884,22980,6,Y,Yes,15,4,1,8,0,21,2,3,24,1,11,10
2104,53,No,Research & Development,3,1,Other,1,2,Female,44,1,1,Healthcare Representative,1,Divorced,3130,7594,6,Y,No,20,4,2,8,0,40,0,3,6,8,14,10
2105,46,Yes,Sales,21,1,Medical,1,2,Female,40,2,4,Manufacturing Director,1,Single,4591,9700,3,Y,No,17,4,1,8,0,5,6,2,16,13,7,1
2106,55,No,Human Resources,3,3,Other,1,2,Male,53,3,2,Laboratory Technician,1,Married,15486,24473,4,Y,No,12,3,3,8,1,35,0,4,29,0,14,8
2107,50,No,Research & Development,10,3,Other,1,1,Female,33,2,4,Manufacturing Director,4,Divorced,10830,7658,1,Y,Yes,24,3,2,8,2,9,2,1,1,16,4,1
2108,54,No,Sales,27,3,Medical,1,2,Female,42,3,3,Manufacturing Director,2,Divorced,6709,26262,7,Y,No,24,3,1,8,1,15,6,4,16,10,0,11
2109,44,No,Sales,17,4,Medical,1,4,Female,86,3,4,Research Scientist,2,Married,8241,10900,0,Y,No,14,4,2,8,0,12,5,1,3,5,8,8
2110,50,Yes,Human Resources,15,1,Human Resources,1,3,Female,66,1,4,Healthcare Representative,1,Married,5297,22642,1,Y,Yes,11,3,3,8,2,19,5,1,25,0,9,8
2111,21,No,Sales,2,3,Technical Degree,1,3,Female,77,1,1,Healthcare Representative,3,Married,2094,6106,2,Y,Yes,25,3,3,8,2,3,2,2,13,18,10,9
2112,39,No,Human Resources,17,4,Life Sciences,1,4,Female,30,3,4,Healthcare Representative,3,Single,16900,20732,6,Y,No,15,3,3,8,3,19,5,3,7,15,11,4
2113,19,Yes,Sales,22,3,Life Sciences,1,3,Female,89,3,1,Sales Executive,2,Single,16609,22830,5,Y,Yes,18,3,1,8,0,21,2,2,4,17,6,8
2114,27,No,Research & Development,2,2,Other,1,1,Female,41,2,1,Manager,4,Divorced,9654,21786,6,Y,Yes,11,3,2,8,0,28,4,4,4,10,15,17
2115,22,No,Human Resources,28,2,Human Resources,1,2,Male,50,3,2,Research Scientist,2,Divorced,9819,15705,4,Y,No,17,3,2,8,1,15,6,1,4,8,15,9
2116,27,No,Human Resources,22,1,Other,1,2,Female,40,2,3,Reseach Director,4,Married,9837,9491,3,Y,Yes,17,4,2,8,2,22,2,1,26,5,3,16
2117,50,No,Sales,20,4,Life Sciences,1,2,Female,73,3,3,Manufacturing Director,2,Divorced,19741,3023,6,Y,No,17,4,3,8,2,29,3,1,4,1,6,9
2118,55,No,Sales,6,2,Medical,1,1,Male,87,1,3,Healthcare Representative,1,Divorced,5883,20805,2,Y,No,25,3,1,8,0,29,1,3,2,7,4,13
2119,30,No,Human Resources,28,2,Technical Degree,1,1,Male,73,1,1,Healthcare Representative,4,Married,14776,18869,6,Y,Yes,11,4,3,8,3,2,1,3,37,15,9,3
2120,48,No,Sales,25,4,Human Resources,1,1,Male,63,3,3,Healthcare Representative,2,Single,11922,4557,1,Y,No,22,3,3,8,0,23,3,1,29,7,13,9
2121,64,No,Research & Development,29,3,Medical,1,4,Female,54,2,1,Research Scientist,1,Single,17224,21753,7,Y,No,21,4,1,8,2,36,0,3,0,7,8,17
2122,53,No,Sales,10,4,Technical Degree,1,1,Male,33,2,2,Healthcare Representative,1,Single,19742,17715,5,Y,No,13,3,3,8,3,12,0,1,7,13,1,4
2123,62,No,Research & Development,28,3,Human Resources,1,3,Male,93,2,3,Laboratory Technician,4,Divorced,15341,23906,2,Y,No,21,4,3,8,3,31,0,4,12,0,3,8
2124,41,No,Research & Development,10,2,Human Resources,1,4,Female,45,3,1,Manufacturing Director,2,Married,5441,25478,2,Y,No,12,3,2,8,2,36,6,2,19,6,5,5
2125,32,No,Research & Development,8,2,Life Sciences,1,4,Female,39,3,3,Research Scientist,1,Single,8274,16100,4,Y,Yes,25,3,1,8,0,11,0,1,5,1,10,15
2126,46,Yes,Research & Development,1,2,Medical,1,4,Male,95,1,3,Manufacturing Director,2,Divorced,7112,10909,2,Y,Yes,25,4,1,8,0,7,4,3,7,14,4,15
2127,25,No,Research & Development,13,1,Human Resources,1,1,Male,64,1,2,Human Resources,1,Married,12021,8080,5,Y,No,15,3,2,8,0,23,3,4,29,17,0,10
2128,22,No,Sales,24,1,Human Resources,1,4,Female,35,3,4,Sales Representative,3,Single,16909,9601,1,Y,No,12,4,1,8,1,15,1,3,39,3,8,14
2129,46,No,Research & Development,9,1,Technical Degree,1,1,Female,48,1,3,Laboratory Technician,4,Single,3040,24408,7,Y,Yes,23,3,2,8,1,31,3,3,14,17,8,2
2130,64,No,Sales,22,4,Life Sciences,1,1,Female,88,2,2,Sales Executive,1,Married,18642,14941,8,Y,No,24,3,3,8,3,33,1,3,9,4,2,15
2131,21,Yes,Research & Development,16,2,Other,1,4,Female,82,2,3,Sales Executive,4,Divorced,9528,13163,6,Y,No,15,3,1,8,0,34,0,2,32,15,15,4
2132,29,No,Human Resources,15,2,Life Sciences,1,2,Female,37,3,3,Manager,4,Divorced,9997,16173,2,Y,No,15,3,1,8,1,31,4,4,8,12,3,8
2133,62,No,Research & Development,5,4,Other,1,2,Male,39,2,3,Laboratory Technician,2,Single,6308,15320,3,Y,Yes,14,4,3,8,3,16,2,1,32,8,3,4
2134,19,No,Human Resources,22,1,Medical,1,4,Female,96,3,3,Manufacturing Director,2,Married,13961,13706,1,Y,No,21,4,3,8,2,1,2,2,8,4,9,3
2135,44,No,Research & Development,16,4,Medical,1,2,Female,67,2,4,Sales Executive,1,Divorced,4103,12393,8,Y,Yes,17,4,1,8,2,25,5,1,13,7,7,12
2136,48,No,Research & Development,13,1,Human Resources,1,3,Female,58,3,4,Sales Representative,4,Married,3986,4873,4,Y,No,20,4,1,8,0,16,0,2,31,17,5,16
2137,53,No,Research & Development,22,2,Medical,1,3,Female,44,2,3,Sales Executive,4,Married,18355,12175,1,Y,No,16,4,1,8,2,37,0,4,36,2,14,11
2138,53,No,Human Resources,25,3,Human Resources,1,1,Female,52,2,3,Healthcare Representative,3,Single,6734,13466,5,Y,Yes,12,3,2,8,2,1,3,4,5,5,1,6
2139,43,No,Human Resources,20,1,Life Sciences,1,2,Male,75,1,2,Manager,4,Married,2277,3731,6,Y,Yes,25,3,1,8,2,7,4,1,4,10,3,0
2140,60,No,Research & Development,18,2,Medical,1,3,Female,57,1,2,Research Scientist,2,Married,17170,15930,1,Y,No,14,4,1,8,3,5,4,1,3,13,0,15
2141,44,No,Sales,11,2,Life Sciences,1,4,Male,55,1,1,Reseach Director,4,Married,17765,11065,0,Y,No,23,3,3,8,2,8,3,3,15,18,2,6
2142,22,No,Research & Development,27,3,Life Sciences,1,2,Female,39,1,4,Reseach Director,2,Divorced,8626,16074,6,Y,No,24,4,3,8,2,0,4,2,9,6,3,1
2143,37,No,Human Resources,9,2,Medical,1,3,Male,76,1,3,Sales Executive,3,Single,16041,14976,0,Y,Yes,21,3,2,8,3,4,6,3,30,9,15,11
2144,28,No,Research & Development,16,2,Life Sciences,1,3,Male,33,1,4,Manufacturing Director,1,Single,13943,12340,2,Y,No,17,4,3,8,1,38,6,3,30,14,7,10
2145,27,No,Human Resources,2,1,Medical,1,4,Female,84,3,2,Manufacturing Director,2,Married,12894,12607,3,Y,Yes,19,3,1,8,3,8,4,4,13,5,2,7
2146,57,No,Human Resources,26,1,Medical,1,1,Female,95,3,4,Healthcare Representative,1,Married,10805,4366,1,Y,No,19,3,1,8,1,13,6,1,12,5,4,0
2147,55,No,Human Resources,25,3,Medical,1,4,Female,96,1,4,Sales Executive,1,Divorced,7288,12922,6,Y,No,22,4,2,8,3,26,2,4,3,15,0,2
2148,23,No,Research & Development,2,3,Other,1,1,Female,36,3,3,Sales Executive,1,Single,1104,4572,4,Y,No,13,3,3,8,0,8,4,1,25,8,12,7
2149,25,Yes,Human Resources,12,2,Life Sciences,1,3,Female,84,1,3,Reseach Director,1,Divorced,16487,8891,0,Y,No,11,4,3,8,2,35,6,1,23,18,3,7
2150,40,No,Human Resources,8,1,Technical Degree,1,1,Male,60,3,2,Human Resources,2,Single,8030,10639,7,Y,No,19,3,3,8,1,28,0,4,8,17,1,10
2151,64,Yes,Research & Development,9,3,Medical,1,3,Female,48,2,3,Sales Executive,3,Divorced,16194,16420,6,Y,No,18,4,2,8,3,19,2,4,34,4,3,4
2152,43,No,Human Resources,12,3,Life Sciences,1,3,Female,57,3,2,Research Scientist,4,Married,6877,14771,3,Y,No,17,3,3,8,1,14,0,2,14,15,4,7
2153,63,No,Research & Development,26,4,Human Resources,1,2,Male,57,3,2,Manager,2,Divorced,14080,23150,1,Y,Yes,16,4,3,8,1,35,0,4,23,6,2,8
2154,60,No,Human Resources,9,3,Medical,1,1,Female,48,3,1,Manager,3,Married,9050,16020,6,Y,No,24,3,3,8,2,2,6,2,30,18,13,16
2155,29,No,Sales,10,2,Medical,1,1,Male,49,2,1,Research Scientist,4,Single,17524,21998,1,Y,No,25,3,1,8,1,22,6,4,18,4,5,4
2156,43,No,Sales,25,1,Technical Degree,1,1,Female,42,1,1,Human Resources,1,Single,12316,12751,5,Y,No,20,4,2,8,3,8,3,1,1,10,11,1
2157,30,No,Human Resources,2,3,Other,1,4,Male,72,3,4,Manufacturing Director,4,Married,8299,8196,0,Y,No,17,4,1,8,0,29,5,2,1,17,14,14
2158,57,No,Sales,16,4,Other,1,2,Female,40,3,1,Reseach Director,4,Single,16504,24295,6,Y,Yes,21,4,2,8,0,18,4,1,40,6,1,7
2159,35,No,Research & Development,20,1,Medical,1,2,Male,77,2,3,Manager,3,Divorced,7525,18639,6,Y,Yes,19,4,3,8,2,37,4,1,35,17,4,7
2160,42,No,Sales,7,3,Life Sciences,1,2,Male,44,1,3,Laboratory Technician,4,Married,10350,25398,3,Y,No,16,3,1,8,3,2,4,1,36,2,3,0
2161,50,No,Human Resources,28,4,Human Resources,1,4,Female,46,3,1,Sales Representative,1,Single,12711,15017,3,Y,No,25,3,3,8,3,2,4,2,33,4,15,13
2162,64,Yes,Human Resources,2,3,Human Resources,1,1,Female,83,2,4,Reseach Director,2,Divorced,1816,5473,4,Y,Yes,24,3,3,8,0,33,6,2,38,12,4,10
2163,57,No,Research & Development,1,1,Life Sciences,1,1,Female,79,1,2,Human Resources,2,Divorced,14040,4156,1,Y,Yes,24,3,2,8,3,1,2,2,18,15,12,6
2164,60,No,Human Resources,19,1,Medical,1,1,Male,57,1,4,Laboratory Technician,3,Single,17443,8681,8,Y,Yes,20,3,3,8,1,26,1,3,37,11,8,17
2165,29,No,Research & Development,28,1,Human Resources,1,2,Male,33,3,4,Sales Executive,1,Single,12409,9539,3,Y,No,13,4,1,8,2,22,0,2,22,6,5,14
2166,61,Yes,Sales,26,2,Other,1,2,Male,51,3,2,Research Scientist,1,Divorced,17448,22460,8,Y,Yes,23,4,2,8,0,31,5,4,15,12,6,9
2167,53,No,Sales,24,3,Life Sciences,1,3,Female,68,3,2,Sales Executive,4,Married,4673,22363,2,Y,Yes,24,4,2,8,2,34,5,3,5,0,13,3
2168,65,No,Research & Development,22,2,Technical Degree,1,4,Female,63,3,2,Healthcare Representative,3,Single,1752,2431,8,Y,No,13,4,1,8,1,39,1,4,25,14,10,0
2169,21,No,Research & Development,27,1,Medical,1,4,Male,73,2,3,Research Scientist,1,Single,7039,23297,0,Y,No,14,4,3,8,0,17,1,3,21,11,7,13
2170,22,No,Human Resources,2,4,Life Sciences,1,2,Female,71,2,2,Laboratory Technician,1,Married,15670,22257,6,Y,No,20,3,3,8,3,26,1,2,23,16,14,8
2171,54,No,Sales,25,3,Human Resources,1,3,Male,69,3,2,Sales Representative,1,Married,15984,22066,3,Y,Yes,23,3,3,8,3,10,6,2,39,4,8,12
2172,25,No,Research & Development,14,2,Medical,1,1,Female,41,1,4,Healthcare Representative,2,Single,1088,7222,6,Y,Yes,24,4,3,8,1,38,2,3,20,16,13,16
2173,59,No,Sales,2,3,Other,1,2,Female,31,3,4,Manufacturing Director,2,Married,15818,26167,5,Y,Yes,25,4,3,8,0,18,1,4,29,14,4,3
2174,45,No,Research & Development,29,4,Medical,1,4,Male,57,1,1,Healthcare Representative,2,Divorced,13141,25791,3,Y,Yes,24,4,2,8,2,24,2,1,10,18,7,4
2175,48,No,Sales,15,2,Medical,1,4,Female,96,1,4,Manager,4,Divorced,3975,9825,3,Y,No,20,3,2,8,0,6,6,3,8,0,1,17
2176,26,No,Human Resources,12,1,Other,1,4,Female,39,1,2,Reseach Director,4,Divorced,16543,15202,7,Y,Yes,18,4,1,8,3,30,3,3,11,3,9,16
2177,46,Yes,Sales,16,2,Other,1,1,Female,86,2,3,Human Resources,4,Single,4737,7141,6,Y,No,20,4,3,8,0,1,3,1,25,2,8,6
2178,31,No,Sales,28,3,Medical,1,4,Female,66,1,4,Sales Executive,1,Married,5545,12410,3,Y,Yes,19,4,3,8,0,37,5,1,37,7,1,9
2179,57,No,Sales,20,3,Other,1,1,Female,93,1,4,Manufacturing Director,2,Divorced,17518,14725,5,Y,Yes,24,3,3,8,3,4,3,3,2,8,12,8
2180,58,No,Sales,29,3,Life Sciences,1,1,Male,69,2,2,Human Resources,1,Married,6822,23180,5,Y,Yes,18,4,1,8,3,13,2,1,32,11,14,12
2181,39,No,Sales,7,3,Other,1,1,Female,89,1,4,Healthcare Representative,1,Divorced,1956,17700,0,Y,No,21,3,3,8,2,17,2,1,14,4,11,17
2182,28,No,Human Resources,24,1,Other,1,2,Male,77,1,4,Sales Representative,3,Married,13574,2730,1,Y,Yes,20,4,2,8,0,35,0,2,4,8,4,11
2183,40,No,Research & Development,21,2,Medical,1,1,Female,48,3,2,Sales Executive,1,Divorced,16853,9801,3,Y,No,12,4,3,8,3,3,1,4,23,0,15,7
2184,18,No,Sales,10,1,Life Sciences,1,3,Female,62,1,4,Manufacturing Director,4,Divorced,1603,7235,5,Y,No,14,3,1,8,1,23,4,3,10,10,5,17
2185,63,No,Human Resources,14,1,Technical Degree,1,4,Male,73,1,3,Human Resources,2,Divorced,17533,3316,5,Y,No,14,3,2,8,3,12,4,3,32,6,15,4
2186,54,No,Sales,14,1,Technical Degree,1,2,Male,66,1,1,Sales Executive,2,Divorced,15026,16558,0,Y,No,22,4,2,8,2,20,1,1,22,13,3,6
2187,38,No,Sales,5,3,Human Resources,1,4,Female,65,1,4,Sales Executive,1,Divorced,5214,17371,7,Y,Yes,12,4,2,8,2,32,4,3,9,2,7,14
2188,43,No,Research & Development,18,3,Other,1,1,Female,50,1,3,Manufacturing Director,4,Divorced,8791,14194,1,Y,Yes,23,3,3,8,1,19,4,1,27,10,9,2
2189,63,Yes,Sales,24,3,Other,1,2,Male,31,2,4,Laboratory Technician,4,Divorced,3669,6337,4,Y,No,18,3,1,8,2,4,6,2,38,16,14,17
2190,53,No,Human Resources,14,2,Life Sciences,1,3,Male,60,1,1,Reseach Director,4,Divorced,17022,11833,3,Y,No,13,4,1,8,0,23,4,4,16,17,2,5
2191,40,No,Human Resources,2,4,Technical Degree,1,1,Male,59,1,2,Laboratory Technician,2,Divorced,7865,23899,4,Y,Yes,12,3,3,8,2,34,5,3,25,18,10,5
2192,18,No,Research & Development,26,3,Human Resources,1,4,Male,73,2,1,Sales Executive,4,Married,7098,25083,4,Y,Yes,17,3,1,8,1,29,2,1,24,17,12,0
2193,57,No,Sales,12,2,Life Sciences,1,3,Female,41,2,4,Research Scientist,4,Married,6327,9499,7,Y,No,25,4,2,8,2,27,2,1,35,5,4,16
2194,32,No,Human Resources,22,3,Other,1,1,Female,80,1,1,Manufacturing Director,1,Single,16414,26549,6,Y,Yes,11,4,2,8,1,6,2,3,11,14,1,10
2195,38,No,Sales,24,3,Technical Degree,1,3,Female,78,1,1,Sales Executive,3,Divorced,19945,16882,8,Y,Yes,25,4,1,8,2,34,1,3,2,6,2,1
2196,64,Yes,Sales,27,1,Human Resources,1,1,Female,53,1,2,Sales Executive,4,Married,9071,26628,0,Y,Yes,16,3,1,8,3,29,3,1,28,4,7,8
2197,26,No,Sales,4,1,Medical,1,2,Female,53,3,4,Sales Representative,1,Married,18433,17734,5,Y,No,23,4,3,8,1,33,5,2,23,4,10,5
2198,26,Yes,Research & Development,13,1,Technical Degree,1,1,Male,89,3,1,Reseach Director,1,Married,9515,11659,5,Y,No,23,4,3,8,2,38,5,2,18,6,4,6
2199,27,No,Sales,4,2,Human Resources,1,2,Male,40,1,1,Sales Representative,4,Married,12660,10951,1,Y,No,13,3,3,8,0,8,4,3,12,11,13,3
2200,43,No,Human Resources,22,4,Life Sciences,1,1,Male,42,2,2,Manufacturing Director,3,Married,16739,7860,7,Y,No,23,4,3,8,1,11,0,4,15,7,2,2
2201,58,No,Sales,14,4,Medical,1,1,Female,93,1,3,Manager,2,Married,4245,20850,5,Y,No,13,3,3,8,1,28,2,3,39,17,4,1
2202,52,No,Human Resources,16,2,Human Resources,1,4,Male,49,2,4,Laboratory Technician,3,Single,4689,22566,8,Y,Yes,25,3,3,8,2,9,6,4,26,17,8,9
2203,42,No,Sales,29,3,Human Resources,1,3,Female,57,2,3,Sales Representative,4,Married,16392,19491,4,Y,Yes,15,4,2,8,3,26,5,3,5,16,15,9
2204,43,No,Human Resources,4,2,Other,1,3,Female,31,2,3,Manufacturing Director,3,Single,12307,2427,6,Y,Yes,24,4,1,8,3,18,5,1,9,10,2,16
2205,28,No,Human Resources,24,3,Technical Degree,1,3,Female,72,1,2,Laboratory Technician,1,Single,18930,15045,5,Y,No,13,3,3,8,2,12,0,3,37,14,11,15
2206,55,No,Sales,25,2,Other,1,1,Male,37,1,2,Manufacturing Director,1,Divorced,4881,17422,4,Y,Yes,22,4,2,8,2,36,4,4,7,5,14,0
2207,19,Yes,Sales,1,2,Medical,1,1,Female,42,2,4,Manager,3,Divorced,2876,18556,5,Y,No,14,3,1,8,0,31,5,2,17,11,9,11
2208,24,No,Human Resources,13,2,Human Resources,1,1,Female,64,3,3,Reseach Director,2,Divorced,16829,4226,3,Y,No,23,3,1,8,2,14,5,3,31,6,6,9
2209,35,No,Research & Development,4,4,Other,1,2,Male,52,3,1,Reseach Director,3,Married,18554,18733,2,Y,No,23,4,1,8,1,20,3,3,16,7,7,0
2210,44,No,Sales,20,1,Technical Degree,1,2,Female,75,3,3,Manufacturing Director,4,Divorced,4929,2276,0,Y,No,25,4,3,8,2,2,0,2,1,3,15,15
2211,51,No,Research & Development,18,2,Medical,1,4,Male,44,2,2,Sales Representative,2,Married,6702,25317,0,Y,No,13,3,3,8,0,7,6,3,19,2,4,10
2212,44,No,Sales,6,4,Life Sciences,1,1,Female,31,1,1,Reseach Director,3,Married,11957,18598,5,Y,No,17,3,3,8,2,5,6,3,9,2,2,3
2213,34,No,Sales,3,1,Other,1,3,Male,90,2,1,Research Scientist,3,Divorced,9465,10148,8,Y,Yes,13,4,1,8,2,28,4,1,8,9,10,2
2214,60,Yes,Sales,23,1,Medical,1,3,Female,93,3,2,Sales Representative,2,Divorced,7340,9355,7,Y,No,24,3,1,8,1,18,4,4,38,14,5,12
2215,61,No,Sales,13,2,Life Sciences,1,4,Female,81,1,1,Human Resources,3,Single,14116,23176,1,Y,Yes,20,3,2,8,3,16,2,2,40,12,12,14
2216,41,No,Research & Development,27,3,Other,1,3,Male,65,2,3,Healthcare Representative,4,Single,10503,25134,8,Y,No,14,3,2,8,2,9,3,1,24,18,11,9
2217,42,Yes,Sales,16,3,Medical,1,4,Female,96,2,2,Manufacturing Director,2,Married,14862,15283,7,Y,Yes,12,4,2,8,0,32,4,1,24,7,2,5
2218,24,No,Human Resources,27,3,Medical,1,1,Male,98,3,4,Manufacturing Director,4,Married,10395,5606,8,Y,No,12,3,2,8,2,12,3,4,23,17,8,10
2219,23,Yes,Human Resources,23,2,Other,1,3,Female,96,2,2,Manufacturing Director,3,Divorced,18919,24109,3,Y,No,19,3,1,8,2,26,2,3,5,4,1,0
2220,41,No,Research & Development,4,3,Medical,1,1,Male,76,1,4,Manager,1,Divorced,9140,8169,8,Y,Yes,21,4,3,8,1,11,6,3,29,6,12,3
2221,50,No,Sales,21,4,Human Resources,1,2,Female,31,3,4,Manufacturing Director,2,Single,12805,19870,1,Y,No,11,3,3,8,3,1,0,3,9,4,2,9
2222,46,No,Human Resources,8,4,Other,1,3,Female,73,3,2,Reseach Director,4,Divorced,2167,4444,0,Y,No,11,3,3,8,3,9,5,3,38,18,6,14
2223,60,No,Research & Development,19,4,Medical,1,2,Female,93,1,2,Reseach Director,2,Married,18537,17808,8,Y,Yes,20,4,3,8,3,20,5,4,30,16,13,0
2224,39,No,Sales,14,4,Life Sciences,1,3,Male,57,3,4,Healthcare Representative,1,Divorced,1077,11592,7,Y,Yes,11,4,2,8,2,22,1,1,17,18,13,14
2225,43,No,Human Resources,7,1,Life Sciences,1,1,Male,83,2,4,Healthcare Representative,3,Single,4726,17084,6,Y,No,24,4,1,8,1,0,1,3,32,3,9,2
2226,45,Yes,Human Resources,26,4,Human Resources,1,4,Male,96,2,1,Sales Representative,1,Married,16227,24437,7,Y,Yes,13,4,3,8,1,32,1,3,18,6,7,0
2227,38,No,Research & Development,6,3,Other,1,1,Male,65,3,2,Reseach Director,1,Single,12209,22420,0,Y,Yes,12,4,1,8,2,25,5,2,22,5,4,5
2228,24,No,Sales,12,2,Medical,1,1,Male,92,1,2,Reseach Director,2,Single,16864,12225,8,Y,No,13,3,2,8,1,14,3,2,4,13,4,3
2229,34,No,Sales,16,3,Medical,1,1,Female,54,2,1,Manager,4,Married,10370,8497,8,Y,Yes,24,3,2,8,3,21,1,4,25,18,4,11
2230,37,No,Human Resources,17,4,Life Sciences,1,3,Female,77,1,2,Reseach Director,1,Single,16701,18966,8,Y,No,15,4,3,8,1,24,0,3,28,10,3,1
2231,58,No,Human Resources,13,1,Human Resources,1,4,Female,68,2,1,Reseach Director,3,Divorced,12535,19530,5,Y,Yes,19,3,3,8,2,0,4,3,23,6,8,16
2232,37,No,Human Resources,23,4,Life Sciences,1,2,Female,76,2,1,Research Scientist,1,Divorced,11216,19177,3,Y,No,12,4,2,8,2,25,3,3,5,2,5,5
2233,39,Yes,Sales,14,2,Life Sciences,1,1,Female,50,3,2,Research Scientist,1,Single,10240,5026,1,Y,No,22,3,2,8,0,20,5,2,38,16,12,11
2234,45,No,Research & Development,29,3,Human Resources,1,3,Male,59,3,3,Reseach Director,4,Divorced,16072,23863,3,Y,No,21,3,1,8,0,40,0,4,3,10,11,14
2235,57,No,Research & Development,7,2,Other,1,2,Female,60,1,4,Reseach Director,3,Single,5732,16439,6,Y,Yes,25,3,2,8,1,23,6,3,25,14,15,16
2236,24,Yes,Sales,22,2,Medical,1,1,Male,55,3,2,Reseach Director,2,Divorced,5222,15594,0,Y,No,24,4,1,8,1,38,5,3,14,6,12,0
2237,18,No,Research & Development,15,2,Other,1,2,Female,51,2,3,Healthcare Representative,1,Single,4475,15803,8,Y,Yes,11,4,2,8,2,15,3,4,12,14,7,13
2238,49,No,Human Resources,12,3,Technical Degree,1,1,Male,50,2,1,Sales Executive,1,Divorced,13458,15940,2,Y,No,21,4,1,8,0,31,3,3,39,16,7,1
2239,30,No,Research & Development,17,4,Technical Degree,1,2,Male,30,1,3,Research Scientist,4,Married,3756,24513,3,Y,No,16,3,2,8,0,15,3,1,21,10,4,3
2240,47,No,Research & Development,9,2,Technical Degree,1,2,Male,66,1,2,Human Resources,2,Married,13463,16518,4,Y,No,13,4,2,8,3,12,2,1,12,11,15,1
2241,40,Yes,Research & Development,22,3,Human Resources,1,4,Female,75,2,2,Sales Representative,2,Divorced,13596,6787,2,Y,Yes,23,3,1,8,3,31,4,4,38,12,11,13
2242,36,No,Human Resources,15,1,Life Sciences,1,4,Female,38,3,3,Sales Representative,4,Single,17392,18295,3,Y,No,17,3,1,8,2,40,1,1,16,10,8,17
2243,49,No,Sales,12,3,Other,1,1,Female,46,3,2,Sales Executive,3,Divorced,3212,17952,4,Y,No,16,4,3,8,2,23,2,2,35,10,1,7
2244,47,Yes,Human Resources,2,1,Medical,1,3,Female,76,1,4,Manager,2,Single,14644,16189,0,Y,Yes,21,3,3,8,2,12,4,3,38,8,13,0
2245,46,Yes,Sales,18,3,Technical Degree,1,4,Male,88,1,3,Human Resources,2,Divorced,2153,16728,8,Y,No,17,3,2,8,2,10,5,2,24,10,7,15
2246,62,No,Sales,13,4,Other,1,2,Male,83,2,1,Sales Representative,2,Divorced,13222,26747,3,Y,No,23,3,2,8,0,14,1,2,33,3,2,6
2247,46,No,Sales,27,2,Technical Degree,1,4,Male,41,2,3,Laboratory Technician,4,Married,17953,10935,8,Y,Yes,23,4,1,8,2,9,6,2,20,1,6,5
2248,47,No,Research & Development,20,4,Technical Degree,1,4,Male,93,1,3,Manufacturing Director,1,Single,2196,18892,3,Y,Yes,15,4,2,8,2,40,2,1,24,3,12,9
2249,33,No,Research & Development,23,3,Medical,1,1,Female,35,2,3,Laboratory Technician,1,Single,4142,17665,0,Y,Yes,11,4,3,8,0,2,2,3,24,13,8,5
2250,57,No,Sales,8,2,Human Resources,1,4,Male,82,1,3,Manager,2,Single,4420,7658,4,Y,No,24,3,1,8,3,15,0,3,21,4,13,9
2251,36,No,Sales,27,1,Life Sciences,1,4,Female,45,1,1,Human Resources,2,Single,2698,23649,8,Y,Yes,13,3,2,8,2,16,6,4,22,16,10,2
2252,35,No,Research & Development,14,3,Human Resources,1,2,Male,34,3,1,Sales Representative,1,Single,5416,8091,2,Y,No,13,4,1,8,3,24,6,2,24,11,4,2
2253,18,No,Human Resources,15,2,Other,1,4,Male,75,1,1,Manufacturing Director,3,Married,3432,5958,4,Y,No,17,3,3,8,0,29,2,1,13,5,14,5
2254,31,No,Sales,11,1,Human Resources,1,2,Male,43,2,3,Research Scientist,4,Divorced,18762,11029,2,Y,Yes,25,4,3,8,3,34,3,2,13,11,10,16
2255,64,No,Human Resources,1,1,Other,1,4,Female,73,3,4,Sales Representative,3,Single,7737,4094,2,Y,Yes,24,4,3,8,0,36,5,2,25,14,7,17
2256,19,No,Research & Development,21,4,Other,1,4,Female,92,3,4,Sales Representative,3,Single,1985,18715,0,Y,No,23,4,2,8,2,12,6,3,39,18,3,9
2257,45,No,Sales,3,3,Life Sciences,1,3,Male,81,2,1,Manager,3,Divorced,13810,20420,1,Y,Yes,13,4,2,8,3,23,2,4,29,9,14,5
2258,47,No,Human Resources,17,1,Medical,1,4,Male,55,2,4,Sales Representative,1,Married,11557,25037,1,Y,Yes,21,3,2,8,2,37,3,1,25,1,13,12
2259,55,No,Human Resources,28,2,Life Sciences,1,2,Male,82,2,4,Human Resources,2,Married,1127,11139,8,Y,No,15,3,2,8,1,25,4,3,37,11,0,5
2260,21,No,Human Resources,19,1,Human Resources,1,2,Female,58,1,4,Sales Executive,3,Married,2551,18017,6,Y,Yes,14,3,2,8,1,8,4,2,21,11,0,11
2261,18,No,Research & Development,14,1,Other,1,1,Female,48,3,4,Human Resources,1,Divorced,1981,24343,7,Y,Yes,14,4,2,8,3,18,6,3,38,6,5,13
2262,25,No,Research & Development,22,4,Technical Degree,1,1,Female,76,1,4,Research Scientist,4,Divorced,1924,21670,1,Y,Yes,23,3,3,8,0,27,3,2,38,0,7,16
2263,46,No,Human Resources,23,4,Technical Degree,1,3,Male,37,1,2,Sales Executive,2,Married,7630,14799,8,Y,No,17,4,3,8,3,6,0,1,33,17,15,7
2264,56,No,Human Resources,8,2,Other,1,2,Female,52,1,1,Sales Representative,4,Married,17979,26209,2,Y,Yes,11,4,2,8,0,21,0,3,24,2,9,4
2265,20,Yes,Research & Development,26,4,Life Sciences,1,2,Male,64,1,3,Sales Representative,3,Divorced,15539,24835,1,Y,Yes,17,4,3,8,1,29,4,1,35,4,1,3
2266,49,No,Human Resources,27,1,Medical,1,2,Female,82,3,4,Manufacturing Director,2,Married,8363,26063,0,Y,No,25,3,1,8,0,36,5,3,12,14,15,5
2267,27,No,Human Resources,20,1,Life Sciences,1,3,Male,87,3,2,Sales Representative,3,Single,14770,23280,8,Y,No,18,4,2,8,1,15,2,3,28,9,10,10
2268,27,No,Research & Development,3,4,Other,1,2,Male,34,1,3,Reseach Director,2,Divorced,5600,12882,7,Y,No,13,3,1,8,3,35,6,3,8,18,3,4
2269,36,No,Human Resources,5,1,Other,1,1,Female,45,2,2,Research Scientist,3,Married,19955,17393,3,Y,No,25,3,2,8,2,4,6,1,14,0,2,13
2270,63,No,Human Resources,9,1,Medical,1,3,Male,46,3,4,Healthcare Representative,4,Single,9473,17688,6,Y,Yes,13,3,2,8,2,28,4,4,30,6,12,9
2271,51,No,Human Resources,29,2,Human Resources,1,1,Male,61,1,4,Manufacturing Director,4,Divorced,13559,3445,2,Y,No,14,3,3,8,2,22,4,1,26,17,8,10
2272,50,No,Research & Development,6,4,Human Resources,1,1,Male,81,2,4,Laboratory Technician,3,Divorced,15360,12319,2,Y,No,25,3,1,8,0,5,3,3,30,1,2,2
2273,40,No,Human Resources,25,1,Medical,1,3,Female,49,2,4,Sales Executive,2,Single,5299,21356,3,Y,Yes,23,3,3,8,2,35,0,2,9,18,10,7
2274,45,Yes,Research & Development,22,4,Human Resources,1,4,Male,95,1,3,Healthcare Representative,4,Divorced,7455,17920,1,Y,No,16,3,2,8,0,32,5,2,36,9,7,4
2275,49,No,Research & Development,2,2,Technical Degree,1,4,Female,30,3,3,Sales Representative,2,Married,14441,19155,3,Y,No,24,3,1,8,2,40,3,3,6,14,13,9
2276,24,No,Sales,13,4,Human Resources,1,1,Female,87,2,2,Human Resources,2,Divorced,2531,10770,2,Y,Yes,17,4,2,8,0,15,4,4,31,9,6,7
2277,46,No,Sales,5,1,Human Resources,1,4,Male,73,3,1,Reseach Director,4,Married,1570,22096,7,Y,No,11,4,3,8,0,33,1,3,10,9,0,8
2278,25,Yes,Human Resources,28,4,Human Resources,1,2,Female,35,3,4,Sales Executive,1,Single,4549,15002,1,Y,No,25,3,2,8,1,25,2,1,27,11,7,14
2279,18,Yes,Research & Development,27,1,Technical Degree,1,3,Male,79,2,2,Sales Executive,2,Single,13337,22790,8,Y,Yes,23,3,2,8,1,36,4,2,3,7,8,0
2280,20,No,Sales,25,1,Human Resources,1,1,Female,49,1,2,Sales Executive,2,Divorced,2488,8956,2,Y,Yes,14,3,3,8,3,12,3,4,30,13,7,4
2281,41,No,Human Resources,8,1,Technical Degree,1,2,Male,43,2,2,Research Scientist,4,Single,7686,16808,3,Y,Yes,22,3,2,8,1,16,1,1,28,1,9,14
2282,40,No,Sales,23,2,Medical,1,4,Female,34,2,4,Sales Executive,1,Single,18598,19960,2,Y,Yes,17,3,1,8,0,31,1,4,32,16,9,3
2283,25,No,Sales,1,4,Life Sciences,1,2,Male,70,3,4,Manufacturing Director,3,Divorced,9857,17242,2,Y,Yes,21,4,3,8,1,31,4,3,3,5,0,9
2284,64,No,Research & Development,20,2,Medical,1,4,Male,69,1,2,Human Resources,2,Married,17982,19166,7,Y,Yes,12,3,2,8,1,27,5,3,25,7,14,1
2285,54,No,Research & Development,12,4,Life Sciences,1,1,Male,63,3,4,Manufacturing Director,1,Divorced,13775,26559,7,Y,Yes,11,3,3,8,1,28,0,2,30,0,10,4
2286,20,No,Sales,23,2,Medical,1,2,Male,74,2,2,Manufacturing Director,4,Divorced,14529,8217,5,Y,Yes,11,3,2,8,0,24,1,1,30,2,12,17
2287,50,No,Sales,11,3,Life Sciences,1,3,Female,56,1,3,Reseach Director,4,Married,12952,11296,3,Y,Yes,20,4,3,8,0,21,6,4,26,14,10,5
2288,45,No,Research & Development,7,1,Life Sciences,1,1,Female,73,1,4,Human Resources,2,Married,11301,25144,0,Y,Yes,24,4,3,8,3,26,2,4,24,16,6,9
2289,64,Yes,Human Resources,15,1,Other,1,2,Male,62,1,3,Reseach Director,4,Married,11085,4439,3,Y,Yes,24,3,1,8,1,37,3,1,35,6,12,14
2290,25,Yes,Research & Development,19,2,Life Sciences,1,2,Female,62,1,1,Sales Executive,1,Divorced,17026,16835,7,Y,Yes,16,4,3,8,1,19,3,2,30,13,8,8
2291,51,No,Sales,24,3,Life Sciences,1,4,Male,73,1,4,Sales Executive,3,Married,9664,5800,5,Y,No,22,4,1,8,0,23,3,1,36,2,13,12
2292,52,Yes,Human Resources,11,1,Other,1,1,Male,49,2,1,Manufacturing Director,1,Single,9954,24852,1,Y,Yes,15,4,3,8,3,7,6,1,22,17,4,17
2293,49,Yes,Sales,29,4,Human Resources,1,1,Female,65,2,2,Manufacturing Director,1,Married,9783,26406,2,Y,Yes,11,4,3,8,3,13,4,2,34,4,1,6
2294,41,No,Human Resources,22,2,Human Resources,1,1,Female,36,2,4,Sales Executive,3,Single,3214,12206,6,Y,Yes,20,4,2,8,0,38,3,3,3,14,13,1
2295,31,No,Sales,26,1,Other,1,1,Male,61,3,4,Manager,2,Married,13351,2729,3,Y,Yes,13,4,2,8,1,13,6,4,27,5,7,15
2296,49,No,Human Resources,16,1,Technical Degree,1,4,Female,96,1,4,Research Scientist,4,Single,5036,7958,3,Y,Yes,25,4,2,8,3,4,3,4,40,2,14,1
2297,63,No,Human Resources,3,2,Life Sciences,1,3,Male,68,1,1,Healthcare Representative,1,Single,17336,25269,4,Y,No,21,4,3,8,3,20,2,3,12,17,8,3
2298,60,No,Sales,20,2,Life Sciences,1,1,Female,53,2,1,Sales Representative,2,Single,8197,5100,7,Y,No,17,3,3,8,1,14,6,4,0,2,6,1
2299,33,No,Human Resources,14,4,Other,1,4,Female,99,1,2,Laboratory Technician,2,Single,3817,25692,6,Y,No,22,3,1,8,3,35,0,3,11,7,11,16
2300,21,No,Research & Development,3,4,Other,1,3,Female,83,3,3,Human Resources,2,Single,14860,18343,8,Y,No,19,4,1,8,1,32,5,2,39,18,12,5
2301,54,Yes,Sales,26,1,Technical Degree,1,3,Female,67,1,3,Reseach Director,3,Married,16363,25848,4,Y,Yes,23,4,1,8,3,16,4,2,25,17,4,9
2302,38,No,Research & Development,26,1,Human Resources,1,4,Female,61,1,1,Human Resources,2,Divorced,16067,7692,0,Y,No,19,3,2,8,3,19,4,2,22,14,7,13
2303,31,Yes,Sales,18,2,Medical,1,1,Male,74,3,4,Sales Executive,3,Divorced,15629,13741,3,Y,No,25,3,2,8,0,0,3,2,21,13,14,14
2304,48,No,Human Resources,15,1,Human Resources,1,3,Female,90,2,3,Healthcare Representative,2,Divorced,4922,13458,5,Y,Yes,16,4,1,8,3,15,2,3,27,15,5,11
2305,65,No,Human Resources,1,1,Life Sciences,1,1,Female,99,2,3,Laboratory Technician,3,Divorced,18812,13972,5,Y,No,13,3,3,8,1,17,1,1,16,2,11,10
2306,35,No,Human Resources,17,2,Other,1,1,Male,82,1,1,Manufacturing Director,4,Divorced,3176,19875,8,Y,No,11,4,2,8,3,9,6,1,5,14,3,0
2307,24,No,Sales,2,1,Technical Degree,1,2,Male,80,3,2,Manufacturing Director,3,Single,3153,26479,4,Y,Yes,13,3,2,8,0,22,3,3,13,18,0,7
2308,27,No,Research & Development,29,1,Human Resources,1,1,Male,85,2,1,Reseach Director,3,Married,3176,19981,4,Y,Yes,20,4,1,8,3,17,6,3,16,7,5,5
2309,24,No,Research & Development,20,3,Technical Degree,1,2,Female,56,2,1,Sales Representative,4,Single,10761,24318,5,Y,No,12,3,2,8,2,8,3,4,37,1,7,11
2310,50,Yes,Sales,6,4,Human Resources,1,3,Female,67,2,4,Healthcare Representative,1,Married,10377,10533,5,Y,Yes,21,4,1,8,1,29,4,1,4,16,2,15
2311,40,No,Sales,8,2,Life Sciences,1,4,Male,91,1,1,Reseach Director,4,Married,18559,7412,2,Y,No,15,3,2,8,2,12,4,3,12,11,11,17
2312,38,No,Research & Development,29,3,Medical,1,2,Male,47,3,4,Laboratory Technician,2,Married,4584,10819,5,Y,Yes,18,3,3,8,0,30,3,1,8,18,6,11
2313,36,No,Research & Development,16,4,Technical Degree,1,4,Male,93,1,2,Laboratory Technician,3,Married,19263,13816,7,Y,No,15,4,3,8,2,12,4,4,25,10,12,1
2314,65,No,Research & Development,19,4,Technical Degree,1,3,Male,59,2,4,Laboratory Technician,2,Divorced,17552,8535,5,Y,No,11,4,2,8,3,31,2,4,12,17,11,6
2315,36,No,Research & Development,1,4,Medical,1,1,Female,78,3,2,Manufacturing Director,3,Married,8252,22025,4,Y,No,13,3,1,8,1,16,1,1,18,12,6,8
2316,53,No,Sales,3,3,Technical Degree,1,3,Female,70,1,2,Manager,2,Married,13935,15486,2,Y,Yes,22,3,2,8,2,2,1,3,16,13,8,17
2317,46,No,Sales,28,3,Technical Degree,1,4,Female,42,2,2,Healthcare Representative,3,Divorced,2064,9044,0,Y,Yes,15,4,1,8,3,0,6,1,15,11,0,8
2318,35,No,Human Resources,3,4,Human Resources,1,3,Female,63,2,1,Sales Representative,3,Single,17726,10741,4,Y,No,17,3,2,8,2,4,1,2,29,14,4,7
2319,19,No,Research & Development,5,1,Human Resources,1,1,Female,54,1,4,Healthcare Representative,1,Single,10092,21214,5,Y,Yes,15,3,3,8,3,31,6,4,31,7,7,0
2320,18,No,Human Resources,27,1,Medical,1,3,Male,95,2,3,Healthcare Representative,2,Single,2371,5461,5,Y,Yes,24,3,3,8,3,24,3,4,13,1,12,4
2321,64,No,Sales,12,3,Life Sciences,1,1,Female,47,2,1,Research Scientist,2,Single,1934,22611,5,Y,No,20,3,2,8,2,4,5,4,14,7,12,15
2322,22,Yes,Sales,15,3,Technical Degree,1,2,Male,34,3,2,Healthcare Representative,2,Married,19836,10075,2,Y,Yes,15,3,2,8,0,36,3,1,11,4,2,13
2323,37,No,Human Resources,20,3,Life Sciences,1,4,Male,48,2,3,Reseach Director,3,Divorced,17330,13980,3,Y,Yes,17,4,2,8,1,22,3,1,36,1,4,12
2324,28,Yes,Research & Development,13,4,Medical,1,1,Male,71,1,1,Research Scientist,2,Divorced,11778,21887,2,Y,No,23,3,3,8,0,11,2,3,10,9,15,10
2325,59,No,Research & Development,20,1,Medical,1,1,Female,47,3,3,Manager,1,Single,4989,7727,1,Y,No,25,3,3,8,2,33,1,4,4,9,13,12
2326,19,Yes,Research & Development,9,3,Human Resources,1,3,Male,61,1,2,Reseach Director,1,Divorced,8269,6161,7,Y,Yes,18,4,1,8,3,22,4,1,10,3,0,14
2327,20,No,Research & Development,7,3,Technical Degree,1,2,Female,50,2,3,Healthcare Representative,4,Married,17160,8343,6,Y,Yes,24,4,2,8,2,15,4,3,33,3,15,15
2328,40,No,Human Resources,4,2,Other,1,1,Male,39,3,3,Human Resources,3,Single,11606,13671,7,Y,Yes,18,4,2,8,3,4,0,1,18,7,8,12
2329,29,Yes,Human Resources,21,4,Medical,1,2,Female,66,3,2,Manufacturing Director,2,Married,2428,21661,5,Y,No,17,4,3,8,3,27,0,2,25,5,3,7
2330,37,No,Sales,22,2,Technical Degree,1,2,Male,78,3,3,Sales Executive,2,Married,12076,21714,6,Y,Yes,23,4,2,8,0,5,6,3,25,14,4,17
2331,22,No,Research & Development,19,1,Life Sciences,1,3,Female,42,3,1,Sales Representative,4,Married,1068,26928,0,Y,Yes,24,3,1,8,0,12,5,1,16,17,2,14
2332,54,No,Research & Development,6,2,Human Resources,1,1,Male,84,1,3,Sales Representative,1,Married,3533,7829,4,Y,Yes,13,3,2,8,2,29,6,2,30,7,13,9
2333,55,Yes,Research & Development,28,2,Life Sciences,1,3,Male,46,2,4,Reseach Director,2,Married,2587,11531,3,Y,Yes,21,3,3,8,1,25,4,3,18,6,1,3
2334,47,No,Human Resources,13,2,Medical,1,4,Male,38,2,1,Sales Representative,1,Single,13607,4665,2,Y,Yes,12,4,2,8,0,16,1,2,19,16,11,5
2335,26,No,Research & Development,11,4,Medical,1,4,Male,73,3,3,Research Scientist,1,Married,15536,25329,1,Y,Yes,11,4,3,8,3,8,6,1,22,18,15,7
2336,51,Yes,Human Resources,20,1,Life Sciences,1,1,Female,75,2,4,Laboratory Technician,1,Single,17056,2217,8,Y,No,16,4,1,8,2,15,3,3,24,1,13,6
2337,61,Yes,Research & Development,13,2,Medical,1,2,Female,37,1,4,Human Resources,2,Divorced,1716,11513,7,Y,No,23,3,1,8,2,17,4,1,27,11,6,11
2338,52,No,Research & Development,28,4,Technical Degree,1,1,Female,66,2,4,Sales Executive,4,Married,6286,13495,1,Y,No,19,3,2,8,1,12,5,4,36,18,10,17
2339,39,No,Sales,25,1,Medical,1,1,Male,48,1,3,Sales Representative,1,Married,2789,3398,5,Y,Yes,13,3,2,8,2,28,5,4,11,4,4,17
2340,61,No,Research & Development,22,3,Human Resources,1,4,Male,92,1,2,Sales Representative,1,Divorced,14820,4193,2,Y,Yes,15,3,3,8,0,23,4,2,0,11,10,3
2341,41,No,Research & Development,28,2,Technical Degree,1,4,Male,75,2,4,Reseach Director,3,Single,19806,16773,2,Y,No,19,3,1,8,3,12,0,4,1,16,9,0
2342,34,No,Sales,20,1,Other,1,2,Male,55,1,2,Healthcare Representative,3,Married,14154,2227,4,Y,No,24,3,1,8,2,24,1,1,9,4,13,4
2343,27,No,Human Resources,15,2,Medical,1,2,Male,75,1,1,Manufacturing Director,1,Divorced,15671,9403,6,Y,No,24,4,1,8,2,40,4,2,33,1,2,6
2344,47,Yes,Human Resources,21,3,Medical,1,1,Male,75,1,2,Manager,3,Divorced,19554,19935,6,Y,No,19,3,1,8,3,0,3,1,31,3,14,10
2345,63,No,Research & Development,13,1,Human Resources,1,3,Female,43,1,2,Sales Executive,2,Married,12740,22707,0,Y,No,17,3,2,8,2,8,3,1,24,5,1,10
2346,40,No,Human Resources,22,4,Human Resources,1,1,Female,92,3,2,Healthcare Representative,2,Single,9809,26132,6,Y,Yes,24,3,2,8,2,3,2,3,9,8,9,9
2347,49,No,Research & Development,11,1,Life Sciences,1,2,Female,32,2,2,Manufacturing Director,1,Single,17701,2904,6,Y,Yes,14,3,3,8,1,27,3,3,0,9,5,6
2348,34,No,Sales,19,4,Life Sciences,1,3,Female,57,3,2,Manufacturing Director,4,Married,6448,26376,5,Y,Yes,21,3,1,8,0,11,4,3,31,10,9,15
2349,34,No,Sales,8,1,Life Sciences,1,4,Female,58,1,1,Reseach Director,2,Divorced,5316,12222,5,Y,Yes,12,4,2,8,2,23,4,3,36,1,5,0
2350,31,Yes,Research & Development,18,4,Human Resources,1,2,Female,47,2,1,Human Resources,2,Married,3373,26044,1,Y,Yes,12,3,2,8,0,8,3,2,11,8,2,0
2351,26,No,Sales,8,3,Life Sciences,1,2,Female,64,1,2,Sales Representative,4,Single,17577,19346,2,Y,No,14,3,1,8,1,34,0,4,17,16,14,11
2352,57,Yes,Sales,20,3,Life Sciences,1,3,Female,76,2,2,Sales Representative,3,Divorced,6333,17319,2,Y,No,11,4,2,8,0,37,1,2,29,8,12,15
2353,19,No,Research & Development,26,3,Other,1,2,Male,34,3,4,Healthcare Representative,4,Married,6492,15852,2,Y,Yes,24,4,3,8,1,34,5,4,12,7,8,4
2354,62,Yes,Research & Development,16,1,Life Sciences,1,2,Male,88,2,1,Manager,3,Divorced,1254,10918,1,Y,No,14,3,3,8,0,32,4,3,2,4,15,13
2355,42,Yes,Sales,28,3,Medical,1,2,Male,88,1,3,Research Scientist,3,Single,9439,16031,8,Y,Yes,22,3,1,8,0,34,3,4,20,4,0,17
2356,56,No,Human Resources,26,2,Human Resources,1,2,Male,76,2,1,Laboratory Technician,4,Single,9192,2760,5,Y,Yes,24,3,3,8,2,19,5,3,13,5,2,8
2357,26,No,Human Resources,23,3,Technical Degree,1,2,Male,42,2,3,Healthcare Representative,3,Single,6933,19769,1,Y,No,21,3,2,8,0,1,3,2,39,15,12,1
2358,39,No,Research & Development,11,4,Other,1,2,Male,62,3,4,Research Scientist,2,Married,17912,10552,2,Y,Yes,16,3,3,8,2,25,4,3,9,0,0,11
2359,60,No,Research & Development,13,4,Human Resources,1,2,Male,91,1,2,Laboratory Technician,1,Divorced,14910,10765,5,Y,Yes,16,4,2,8,2,12,2,4,1,8,6,9
2360,63,Yes,Human Resources,28,4,Human Resources,1,2,Female,45,2,4,Manufacturing Director,3,Married,4916,5482,3,Y,Yes,17,4,1,8,0,29,1,2,36,6,1,1
2361,21,Yes,Sales,9,1,Medical,1,4,Female,73,3,2,Manager,1,Married,1285,11545,6,Y,No,15,3,1,8,2,31,4,2,10,10,10,14
2362,43,No,Human Resources,20,2,Life Sciences,1,2,Male,87,2,1,Healthcare Representative,4,Married,6110,17996,5,Y,No,19,3,2,8,0,35,5,3,0,14,10,3
2363,46,No,Human Resources,24,3,Medical,1,4,Female,35,1,2,Manufacturing Director,3,Married,15546,17488,5,Y,Yes,12,4,2,8,3,18,3,1,25,4,11,3
2364,62,No,Human Resources,19,2,Life Sciences,1,4,Female,44,2,3,Research Scientist,2,Divorced,13510,26770,2,Y,Yes,12,4,3,8,2,21,2,4,12,18,3,8
2365,51,No,Human Resources,16,2,Life Sciences,1,1,Female,33,2,3,Healthcare Representative,3,Divorced,5612,24025,7,Y,No,14,3,2,8,3,0,6,2,27,5,3,12
2366,40,No,Research & Development,7,4,Human Resources,1,1,Female,85,2,4,Healthcare Representative,4,Married,17344,23363,8,Y,No,25,3,1,8,3,10,4,1,35,13,13,9
2367,54,No,Research & Development,19,4,Life Sciences,1,4,Female,93,2,1,Reseach Director,1,Married,14395,6426,5,Y,No,14,3,2,8,2,25,1,3,20,13,12,13
2368,28,No,Sales,12,4,Other,1,4,Male,97,1,3,Sales Executive,3,Single,5062,24160,1,Y,No,14,3,3,8,1,18,2,3,9,10,7,2
2369,23,No,Sales,15,1,Other,1,2,Female,63,3,4,Manufacturing Director,1,Single,7082,25226,0,Y,Yes,11,3,3,8,1,18,5,3,11,3,10,2
2370,35,No,Sales,23,2,Other,1,1,Male,85,3,1,Healthcare Representative,3,Divorced,17534,18377,2,Y,Yes,14,3,2,8,3,11,3,3,26,9,3,15
2371,38,No,Sales,14,2,Human Resources,1,3,Male,61,2,1,Sales Representative,3,Single,11570,4327,2,Y,Yes,22,4,3,8,3,2,0,4,2,1,2,8
2372,59,No,Human Resources,11,1,Medical,1,1,Male,38,1,4,Sales Representative,4,Divorced,19110,23459,7,Y,No,15,4,3,8,0,17,6,2,27,3,9,13
2373,53,No,Research & Development,26,1,Technical Degree,1,4,Female,92,1,3,Sales Executive,3,Divorced,13757,26228,4,Y,No,19,4,1,8,3,4,6,4,1,9,11,15
2374,58,No,Research & Development,10,1,Life Sciences,1,4,Male,62,1,3,Healthcare Representative,2,Divorced,8322,7111,0,Y,Yes,13,4,2,8,2,23,1,2,27,0,2,8
2375,55,No,Sales,27,2,Technical Degree,1,2,Male,50,1,4,Sales Executive,2,Single,6723,26517,3,Y,No,25,3,1,8,1,13,2,1,30,13,4,4
2376,51,No,Sales,11,2,Medical,1,2,Male,84,1,3,Sales Executive,1,Single,17792,21053,6,Y,Yes,13,4,1,8,1,37,4,1,20,17,5,12
2377,34,No,Human Resources,6,4,Medical,1,1,Male,86,1,4,Research Scientist,1,Divorced,10535,2767,4,Y,No,24,4,3,8,1,2,4,2,6,11,6,14
2378,54,No,Human Resources,2,4,Human Resources,1,2,Female,31,2,3,Research Scientist,2,Divorced,14591,20915,5,Y,Yes,15,3,1,8,2,5,2,3,30,18,12,3
2379,42,No,Sales,11,2,Other,1,3,Male,42,3,3,Human Resources,1,Married,11824,11965,3,Y,Yes,20,4,2,8,0,11,4,1,13,11,4,13
2380,55,No,Research & Development,19,4,Other,1,3,Male,33,3,4,Manufacturing Director,1,Divorced,14769,7679,1,Y,Yes,16,3,2,8,2,10,6,4,38,4,6,6
2381,29,No,Research & Development,6,1,Medical,1,2,Male,79,2,4,Laboratory Technician,2,Divorced,7264,8037,8,Y,Yes,13,3,2,8,2,38,6,2,38,3,3,3
2382,40,No,Research & Development,14,3,Human Resources,1,3,Male,77,3,3,Sales Executive,2,Married,17631,6859,1,Y,No,11,4,1,8,1,25,6,1,8,12,4,16
2383,59,No,Sales,20,4,Human Resources,1,3,Female,59,1,4,Research Scientist,2,Divorced,4224,9096,1,Y,Yes,20,4,2,8,2,0,2,2,22,17,5,8
2384,39,No,Research & Development,6,2,Life Sciences,1,1,Male,58,1,3,Manager,4,Divorced,8550,9820,1,Y,Yes,18,4,2,8,3,15,1,3,11,11,8,3
2385,38,No,Human Resources,17,4,Other,1,3,Male,37,3,2,Human Resources,4,Divorced,4656,8701,0,Y,Yes,22,3,1,8,2,8,6,2,28,15,15,2
2386,44,No,Human Resources,10,4,Medical,1,4,Male,41,1,1,Healthcare Representative,2,Married,10817,23410,2,Y,Yes,11,4,1,8,1,4,4,1,37,5,5,8
2387,48,No,Sales,28,4,Technical Degree,1,4,Male,70,1,1,Manufacturing Director,3,Single,19822,22124,5,Y,No,12,3,1,8,1,7,1,2,38,6,9,7
2388,23,Yes,Human Resources,22,3,Other,1,1,Male,55,3,3,Healthcare Representative,2,Divorced,4661,9223,6,Y,Yes,13,4,1,8,2,20,3,2,21,8,13,6
2389,44,No,Sales,3,1,Life Sciences,1,2,Male,79,2,1,Human Resources,4,Married,15037,19788,0,Y,Yes,16,3,3,8,3,32,3,1,3,9,10,6
2390,57,No,Research & Development,8,2,Human Resources,1,1,Female,31,3,3,Reseach Director,1,Divorced,14812,6191,4,Y,No,14,4,1,8,3,38,3,1,6,4,0,3
2391,51,Yes,Research & Development,22,3,Medical,1,2,Male,84,3,4,Sales Representative,2,Married,7316,20130,4,Y,Yes,14,4,1,8,1,19,3,1,39,3,11,11
2392,29,Yes,Research & Development,27,2,Other,1,2,Female,85,3,2,Manufacturing Director,2,Divorced,2544,17951,0,Y,Yes,25,3,2,8,3,21,4,1,7,10,10,5
2393,62,No,Human Resources,20,2,Technical Degree,1,2,Female,43,3,1,Sales Representative,1,Married,15941,17674,3,Y,Yes,19,4,2,8,3,12,2,3,34,18,6,11
2394,24,No,Sales,22,2,Life Sciences,1,2,Male,35,2,1,Manager,3,Single,16758,24494,0,Y,Yes,16,4,1,8,0,38,4,2,8,6,13,3
2395,27,No,Research & Development,15,3,Life Sciences,1,2,Female,90,2,4,Healthcare Representative,1,Single,9736,19761,0,Y,No,22,3,1,8,0,10,5,2,12,12,10,1
2396,62,Yes,Sales,23,1,Other,1,1,Male,41,1,2,Reseach Director,2,Single,18341,26328,6,Y,No,12,4,1,8,3,17,4,1,38,12,12,14
2397,34,No,Research & Development,7,2,Technical Degree,1,2,Female,42,1,2,Manager,3,Divorced,11843,25522,6,Y,No,17,4,2,8,3,29,1,3,19,17,10,5
2398,43,No,Human Resources,11,1,Life Sciences,1,3,Male,48,3,2,Laboratory Technician,3,Married,10222,13731,2,Y,No,25,3,2,8,0,32,2,2,20,8,2,17
2399,38,No,Human Resources,7,1,Medical,1,3,Female,73,1,4,Healthcare Representative,1,Divorced,16446,7272,6,Y,No,23,4,1,8,0,2,6,2,18,12,5,4
2400,45,No,Sales,29,4,Life Sciences,1,2,Female,88,2,1,Human Resources,1,Divorced,2412,19855,2,Y,No,13,3,2,8,0,0,0,3,1,12,1,3
2401,63,No,Human Resources,4,3,Technical Degree,1,3,Male,66,1,1,Reseach Director,4,Married,8515,18284,1,Y,Yes,19,4,2,8,1,35,0,1,39,4,14,10
2402,19,No,Human Resources,25,3,Human Resources,1,4,Female,54,1,2,Manufacturing Director,1,Divorced,8600,19121,3,Y,Yes,16,4,1,8,1,5,6,2,29,11,13,10
2403,60,No,Sales,12,4,Human Resources,1,1,Female,45,1,4,Reseach Director,1,Married,14005,26691,2,Y,Yes,18,3,2,8,0,36,2,1,22,0,11,8
2404,18,No,Research & Development,26,4,Other,1,1,Female,67,3,4,Healthcare Representative,4,Married,6069,7504,6,Y,Yes,23,4,1,8,0,28,0,3,39,17,15,2
2405,53,No,Human Resources,6,1,Technical Degree,1,2,Female,72,1,4,Research Scientist,2,Single,16071,6744,0,Y,No,23,3,3,8,0,10,2,3,12,16,15,10
2406,43,Yes,Sales,20,2,Life Sciences,1,2,Female,43,2,2,Manager,2,Single,2611,8926,5,Y,Yes,11,3,3,8,1,12,1,2,32,9,6,1
2407,46,No,Human Resources,12,3,Life Sciences,1,4,Male,35,2,4,Reseach Director,1,Single,14481,6543,1,Y,Yes,12,4,3,8,1,10,1,2,31,8,0,8
2408,38,Yes,Human Resources,11,2,Human Resources,1,2,Female,52,2,2,Sales Representative,4,Married,3205,24579,7,Y,No,16,3,2,8,3,37,4,3,27,7,12,9
2409,28,No,Human Resources,19,2,Human Resources,1,3,Female,89,2,2,Manager,2,Single,12100,9176,4,Y,Yes,13,4,3,8,2,24,0,1,23,14,1,10
2410,57,No,Human Resources,21,4,Medical,1,4,Male,41,1,2,Sales Representative,4,Married,16049,14954,2,Y,Yes,11,3,2,8,3,14,6,1,27,12,8,2
2411,28,No,Sales,5,2,Human Resources,1,3,Male,42,3,3,Reseach Director,1,Divorced,17503,22600,6,Y,No,16,4,1,8,2,12,2,4,29,16,8,16
2412,53,Yes,Sales,18,1,Medical,1,1,Male,35,2,2,Research Scientist,1,Single,17025,16784,1,Y,Yes,15,4,3,8,2,32,1,3,40,8,6,10
2413,56,Yes,Sales,21,4,Life Sciences,1,3,Female,92,2,4,Manager,2,Married,7032,18840,4,Y,Yes,23,3,2,8,2,12,4,2,28,10,1,16
2414,57,No,Human Resources,24,2,Medical,1,1,Female,67,3,3,Human Resources,3,Married,4876,4747,7,Y,No,19,4,3,8,3,37,0,3,33,3,4,3
2415,52,No,Human Resources,16,4,Medical,1,3,Female,79,3,1,Manager,1,Married,10578,9525,0,Y,Yes,16,4,2,8,1,23,0,2,21,6,3,1
2416,51,Yes,Human Resources,27,1,Other,1,1,Female,81,2,1,Manufacturing Director,1,Married,8650,3406,0,Y,Yes,15,4,2,8,1,19,0,2,24,2,1,13
2417,64,No,Sales,13,1,Human Resources,1,2,Male,69,2,4,Reseach Director,1,Single,6013,16994,2,Y,Yes,11,3,1,8,1,16,1,2,13,9,1,14
2418,41,No,Human Resources,25,2,Medical,1,3,Male,37,3,4,Laboratory Technician,1,Single,10972,7364,2,Y,Yes,25,4,2,8,1,23,1,4,9,2,9,2
2419,39,No,Research & Development,29,4,Life Sciences,1,1,Female,90,2,4,Healthcare Representative,4,Single,14805,2310,6,Y,Yes,11,4,2,8,3,25,0,1,9,0,7,12
2420,22,No,Human Resources,22,2,Technical Degree,1,3,Female,37,2,4,Sales Executive,4,Married,9213,6795,5,Y,No,21,3,3,8,0,39,1,4,7,13,4,12
2421,50,Yes,Research & Development,22,2,Medical,1,4,Female,63,1,3,Laboratory Technician,4,Divorced,8086,18086,6,Y,Yes,11,4,1,8,2,31,0,2,13,12,7,17
2422,53,No,Human Resources,25,4,Human Resources,1,2,Female,89,3,4,Sales Representative,4,Married,13535,23607,3,Y,Yes,17,3,2,8,1,28,3,2,37,4,1,6
2423,64,No,Sales,20,2,Other,1,1,Male,86,1,2,Human Resources,3,Divorced,4270,3631,1,Y,Yes,16,3,3,8,1,13,1,1,31,7,1,15
2424,37,No,Human Resources,22,1,Life Sciences,1,4,Male,75,1,1,Human Resources,4,Single,18055,21909,1,Y,No,24,4,1,8,3,36,2,2,31,11,10,15
2425,36,No,Research & Development,4,4,Other,1,3,Female,51,3,4,Research Scientist,4,Married,14406,15237,0,Y,No,15,3,2,8,2,21,1,4,2,5,10,5
2426,52,No,Research & Development,11,4,Technical Degree,1,4,Male,69,1,2,Manufacturing Director,1,Married,4399,20078,8,Y,No,14,4,3,8,1,33,0,1,19,1,2,5
2427,60,No,Human Resources,17,4,Medical,1,3,Female,74,2,4,Healthcare Representative,3,Single,16308,21180,6,Y,Yes,21,4,1,8,0,26,2,4,12,3,10,3
2428,34,No,Research & Development,7,4,Medical,1,2,Female,84,1,2,Laboratory Technician,1,Married,2911,7156,2,Y,Yes,24,4,1,8,1,27,4,1,22,4,9,2
2429,62,No,Research & Development,14,2,Human Resources,1,4,Male,80,3,3,Sales Executive,3,Divorced,17721,15880,1,Y,Yes,23,3,1,8,2,21,2,3,18,10,7,0
2430,60,No,Sales,26,2,Medical,1,2,Female,34,2,1,Manager,2,Divorced,10640,22124,2,Y,Yes,23,3,1,8,0,2,2,3,15,12,14,2
2431,51,No,Human Resources,11,1,Life Sciences,1,1,Male,42,2,1,Research Scientist,3,Divorced,16571,19581,6,Y,Yes,21,4,2,8,3,21,1,2,35,7,7,8
2432,26,No,Human Resources,28,3,Technical Degree,1,3,Female,57,2,3,Human Resources,3,Married,14549,24212,4,Y,No,18,4,2,8,0,20,5,4,34,4,2,13
2433,43,No,Human Resources,22,3,Other,1,3,Male,91,2,2,Sales Executive,1,Married,4855,24288,2,Y,Yes,21,3,1,8,2,15,2,4,6,5,0,12
2434,19,Yes,Research & Development,9,1,Technical Degree,1,2,Female,53,1,4,Human Resources,3,Divorced,13368,13695,8,Y,Yes,18,4,1,8,2,8,2,2,36,14,6,15
2435,26,No,Human Resources,23,3,Medical,1,2,Male,36,1,2,Reseach Director,3,Married,17617,4580,1,Y,No,15,3,2,8,0,12,6,3,7,15,3,7
2436,26,No,Human Resources,13,1,Other,1,1,Female,67,2,1,Research Scientist,1,Divorced,3529,20894,6,Y,No,25,3,3,8,1,9,0,2,24,10,2,15
2437,57,No,Sales,23,2,Human Resources,1,4,Female,66,3,3,Manager,2,Single,9073,18503,5,Y,No,14,4,1,8,2,20,1,3,22,6,4,8
2438,34,No,Sales,18,4,Technical Degree,1,3,Male,97,2,3,Sales Representative,2,Divorced,19800,10299,5,Y,No,25,4,2,8,0,39,0,4,9,5,11,8
2439,18,No,Sales,28,4,Other,1,3,Female,71,1,2,Research Scientist,2,Single,7692,14862,6,Y,No,12,4,2,8,2,6,1,2,29,11,15,2
2440,42,No,Research & Development,11,2,Other,1,1,Male,34,2,2,Healthcare Representative,3,Single,18203,10069,5,Y,Yes,17,3,3,8,1,21,4,3,32,3,15,6
2441,60,No,Human Resources,15,4,Other,1,1,Male,93,1,3,Manager,1,Single,4126,6753,1,Y,Yes,15,3,2,8,1,17,5,3,10,13,5,17
2442,57,No,Sales,25,4,Life Sciences,1,2,Female,79,2,1,Laboratory Technician,2,Divorced,16613,6641,4,Y,Yes,13,3,1,8,0,20,2,1,34,10,15,1
2443,59,Yes,Sales,26,3,Technical Degree,1,2,Female,44,3,4,Research Scientist,1,Divorced,13587,22429,2,Y,Yes,19,3,2,8,3,13,6,1,26,11,13,0
2444,42,No,Sales,25,2,Other,1,4,Female,82,2,4,Manager,2,Married,3260,22737,8,Y,Yes,19,4,1,8,3,9,1,4,2,1,0,11
2445,56,No,Human Resources,22,3,Technical Degree,1,1,Female,54,3,2,Laboratory Technician,2,Married,14522,17121,7,Y,No,21,3,2,8,1,32,2,3,7,10,11,15
2446,52,No,Human Resources,29,3,Other,1,4,Male,38,3,3,Research Scientist,1,Single,5670,26599,1,Y,Yes,25,4,1,8,3,8,2,1,12,12,11,11
2447,20,No,Human Resources,19,4,Human Resources,1,1,Female,67,2,3,Sales Executive,2,Divorced,15112,7065,0,Y,Yes,21,3,1,8,1,17,3,3,2,10,15,9
2448,54,No,Research & Development,1,4,Human Resources,1,3,Female,51,3,3,Sales Representative,3,Married,7430,10528,3,Y,No,20,3,2,8,3,12,0,2,19,8,8,8
2449,61,No,Research & Development,4,2,Human Resources,1,1,Female,78,3,1,Sales Executive,3,Married,5934,12178,3,Y,No,24,4,1,8,1,16,5,3,34,15,5,17
2450,61,Yes,Sales,29,4,Medical,1,1,Male,97,1,2,Healthcare Representative,1,Married,13211,19832,1,Y,Yes,21,3,2,8,2,22,6,2,12,4,2,3
2451,47,No,Human Resources,14,4,Other,1,3,Female,44,1,2,Manager,4,Divorced,3655,21943,6,Y,Yes,18,4,2,8,0,24,1,4,19,11,0,7
2452,55,No,Sales,3,2,Medical,1,1,Male,94,3,2,Laboratory Technician,2,Married,19139,9056,2,Y,No,11,3,2,8,0,15,4,2,23,2,12,3
2453,51,No,Human Resources,28,4,Technical Degree,1,4,Female,83,2,1,Reseach Director,2,Single,5318,16934,6,Y,Yes,22,4,1,8,3,23,5,2,8,15,8,15
2454,29,No,Human Resources,17,3,Medical,1,2,Male,59,3,2,Research Scientist,3,Divorced,17841,25543,6,Y,No,13,3,2,8,0,30,3,1,29,18,1,7
2455,36,No,Human Resources,3,2,Technical Degree,1,2,Female,49,2,4,Reseach Director,1,Married,18961,3837,0,Y,Yes,12,3,3,8,3,10,0,2,24,16,13,6
2456,54,No,Research & Development,16,4,Technical Degree,1,4,Female,62,1,2,Research Scientist,4,Married,13676,14789,5,Y,No,14,4,1,8,1,22,4,4,15,10,9,12
2457,61,No,Research & Development,14,1,Technical Degree,1,3,Male,36,2,2,Healthcare Representative,3,Divorced,8319,5971,3,Y,No,12,4,3,8,2,40,4,1,7,18,5,7
2458,34,No,Human Resources,20,2,Medical,1,1,Female,37,3,2,Reseach Director,4,Married,15976,22253,7,Y,No,22,4,3,8,0,38,2,3,27,17,5,6
2459,27,No,Sales,29,2,Other,1,4,Female,57,3,1,Laboratory Technician,1,Married,10248,20591,7,Y,Yes,21,3,3,8,2,21,0,2,11,8,11,4
2460,64,No,Human Resources,13,1,Medical,1,2,Female,74,3,4,Manufacturing Director,1,Single,8097,24733,2,Y,No,18,3,3,8,0,32,3,3,23,12,2,17
2461,29,No,Human Resources,15,4,Other,1,2,Male,40,3,4,Sales Executive,1,Divorced,13831,4359,3,Y,No,11,3,2,8,1,40,1,1,28,5,10,9
2462,33,Yes,Sales,14,4,Other,1,4,Female,60,3,3,Laboratory Technician,3,Married,18457,20743,0,Y,Yes,14,3,3,8,0,17,1,2,14,2,5,10
2463,41,No,Human Resources,24,2,Technical Degree,1,2,Male,41,2,3,Human Resources,1,Divorced,4830,11780,1,Y,Yes,15,3,1,8,0,13,3,1,17,11,13,7
2464,36,No,Sales,25,2,Medical,1,4,Male,80,3,4,Healthcare Representative,3,Divorced,2445,17157,6,Y,Yes,24,3,3,8,1,27,2,1,6,8,15,5
2465,25,No,Research & Development,19,4,Other,1,2,Male,73,1,2,Sales Representative,3,Single,13906,13080,6,Y,No,20,4,3,8,3,10,2,2,12,8,1,10
2466,48,No,Research & Development,6,4,Human Resources,1,4,Female,79,3,2,Research Scientist,2,Single,19876,25562,8,Y,No,14,3,3,8,3,23,4,2,18,14,15,15
2467,38,No,Sales,10,3,Other,1,1,Male,46,2,2,Laboratory Technician,3,Divorced,8728,6573,8,Y,No,18,3,2,8,1,35,0,1,4,0,7,3
2468,34,No,Research & Development,27,2,Human Resources,1,1,Male,64,3,1,Reseach Director,3,Single,3803,25941,8,Y,Yes,12,4,3,8,3,18,4,4,25,17,12,1
2469,40,No,Research & Development,15,2,Medical,1,1,Female,30,3,2,Manufacturing Director,2,Single,12537,3021,5,Y,Yes,19,4,3,8,0,12,6,2,1,14,0,12
2470,54,No,Sales,21,1,Medical,1,1,Male,58,2,1,Human Resources,4,Married,11091,9865,7,Y,No,12,4,3,8,2,32,6,1,32,7,5,6
